comparison,seed,prompt_id,pref_contribution,delta_wr_contribution,num_win,num_tie,num_loss,unstable,majority_loss,failure_reason
PRISM_BPO_vs_BPO_gemma_bpo_deepseek,,1,0.0,-1.0,0,0,3,0,1,majority_loss
PRISM_BPO_vs_BPO_gemma_bpo_deepseek,,103,0.0,-1.0,0,0,3,0,1,majority_loss
PRISM_BPO_vs_BPO_gemma_bpo_deepseek,,111,0.0,-1.0,0,0,3,0,1,majority_loss
PRISM_BPO_vs_BPO_gemma_bpo_deepseek,,114,0.0,-1.0,0,0,3,0,1,majority_loss
PRISM_BPO_vs_BPO_gemma_bpo_deepseek,,122,0.0,-1.0,0,0,3,0,1,majority_loss
PRISM_BPO_vs_BPO_gemma_bpo_deepseek,,131,0.0,-1.0,0,0,3,0,1,majority_loss
PRISM_BPO_vs_BPO_gemma_bpo_deepseek,,137,0.8333333333333334,0.6666666666666666,2,1,0,1,0,judge_instability
PRISM_BPO_vs_BPO_gemma_bpo_deepseek,,140,0.16666666666666666,-0.6666666666666666,0,1,2,1,1,"majority_loss,judge_instability"
PRISM_BPO_vs_BPO_gemma_bpo_deepseek,,141,0.0,-1.0,0,0,3,0,1,majority_loss
PRISM_BPO_vs_BPO_gemma_bpo_deepseek,,143,0.6666666666666666,0.3333333333333333,1,2,0,1,0,judge_instability
PRISM_BPO_vs_BPO_gemma_bpo_deepseek,,144,0.0,-1.0,0,0,3,0,1,majority_loss
PRISM_BPO_vs_BPO_gemma_bpo_deepseek,,145,0.0,-1.0,0,0,3,0,1,majority_loss
PRISM_BPO_vs_BPO_gemma_bpo_deepseek,,147,0.6666666666666666,0.3333333333333333,1,2,0,1,0,judge_instability
PRISM_BPO_vs_BPO_gemma_bpo_deepseek,,148,0.0,-1.0,0,0,3,0,1,majority_loss
PRISM_BPO_vs_BPO_gemma_bpo_deepseek,,154,0.0,-1.0,0,0,3,0,1,majority_loss
PRISM_BPO_vs_BPO_gemma_bpo_deepseek,,156,0.3333333333333333,-0.3333333333333333,0,2,1,1,0,judge_instability
PRISM_BPO_vs_BPO_gemma_bpo_deepseek,,163,0.6666666666666666,0.3333333333333333,1,2,0,1,0,judge_instability
PRISM_BPO_vs_BPO_gemma_bpo_deepseek,,164,0.3333333333333333,-0.3333333333333333,0,2,1,1,0,judge_instability
PRISM_BPO_vs_BPO_gemma_bpo_deepseek,,165,0.0,-1.0,0,0,3,0,1,majority_loss
PRISM_BPO_vs_BPO_gemma_bpo_deepseek,,166,0.16666666666666666,-0.6666666666666666,0,1,2,1,1,"majority_loss,judge_instability"
PRISM_BPO_vs_BPO_gemma_bpo_deepseek,,170,0.0,-1.0,0,0,3,0,1,majority_loss
PRISM_BPO_vs_BPO_gemma_bpo_deepseek,,177,0.0,-1.0,0,0,3,0,1,majority_loss
PRISM_BPO_vs_BPO_gemma_bpo_deepseek,,178,0.0,-1.0,0,0,3,0,1,majority_loss
PRISM_BPO_vs_BPO_gemma_bpo_deepseek,,18,0.0,-1.0,0,0,3,0,1,majority_loss
PRISM_BPO_vs_BPO_gemma_bpo_deepseek,,180,0.0,-1.0,0,0,3,0,1,majority_loss
PRISM_BPO_vs_BPO_gemma_bpo_deepseek,,181,0.0,-1.0,0,0,3,0,1,majority_loss
PRISM_BPO_vs_BPO_gemma_bpo_deepseek,,182,0.0,-1.0,0,0,3,0,1,majority_loss
PRISM_BPO_vs_BPO_gemma_bpo_deepseek,,185,0.6666666666666666,0.3333333333333333,1,2,0,1,0,judge_instability
PRISM_BPO_vs_BPO_gemma_bpo_deepseek,,187,0.3333333333333333,-0.3333333333333333,0,2,1,1,0,judge_instability
PRISM_BPO_vs_BPO_gemma_bpo_deepseek,,189,0.0,-1.0,0,0,3,0,1,majority_loss
PRISM_BPO_vs_BPO_gemma_bpo_deepseek,,191,0.0,-1.0,0,0,3,0,1,majority_loss
PRISM_BPO_vs_BPO_gemma_bpo_deepseek,,197,0.0,-1.0,0,0,3,0,1,majority_loss
PRISM_BPO_vs_BPO_gemma_bpo_deepseek,,198,0.8333333333333334,0.6666666666666666,2,1,0,1,0,judge_instability
PRISM_BPO_vs_BPO_gemma_bpo_deepseek,,21,0.0,-1.0,0,0,3,0,1,majority_loss
PRISM_BPO_vs_BPO_gemma_bpo_deepseek,,22,0.0,-1.0,0,0,3,0,1,majority_loss
PRISM_BPO_vs_BPO_gemma_bpo_deepseek,,23,0.0,-1.0,0,0,3,0,1,majority_loss
PRISM_BPO_vs_BPO_gemma_bpo_deepseek,,30,0.0,-1.0,0,0,3,0,1,majority_loss
PRISM_BPO_vs_BPO_gemma_bpo_deepseek,,37,0.0,-1.0,0,0,3,0,1,majority_loss
PRISM_BPO_vs_BPO_gemma_bpo_deepseek,,4,0.0,-1.0,0,0,3,0,1,majority_loss
PRISM_BPO_vs_BPO_gemma_bpo_deepseek,,47,0.16666666666666666,-0.6666666666666666,0,1,2,1,1,"majority_loss,judge_instability"
PRISM_BPO_vs_BPO_gemma_bpo_deepseek,,50,0.0,-1.0,0,0,3,0,1,majority_loss
PRISM_BPO_vs_BPO_gemma_bpo_deepseek,,53,0.0,-1.0,0,0,3,0,1,majority_loss
PRISM_BPO_vs_BPO_gemma_bpo_deepseek,,54,0.16666666666666666,-0.6666666666666666,0,1,2,1,1,"majority_loss,judge_instability"
PRISM_BPO_vs_BPO_gemma_bpo_deepseek,,59,0.0,-1.0,0,0,3,0,1,majority_loss
PRISM_BPO_vs_BPO_gemma_bpo_deepseek,,60,0.0,-1.0,0,0,3,0,1,majority_loss
PRISM_BPO_vs_BPO_gemma_bpo_deepseek,,63,0.16666666666666666,-0.6666666666666666,0,1,2,1,1,"majority_loss,judge_instability"
PRISM_BPO_vs_BPO_gemma_bpo_deepseek,,67,0.0,-1.0,0,0,3,0,1,majority_loss
PRISM_BPO_vs_BPO_gemma_bpo_deepseek,,76,0.6666666666666666,0.3333333333333333,1,2,0,1,0,judge_instability
PRISM_BPO_vs_BPO_gemma_bpo_deepseek,,79,0.0,-1.0,0,0,3,0,1,majority_loss
PRISM_BPO_vs_BPO_gemma_bpo_deepseek,,86,0.0,-1.0,0,0,3,0,1,majority_loss
PRISM_BPO_vs_BPO_gemma_bpo_deepseek,,9,0.5,0.0,1,1,1,1,0,judge_instability
PRISM_BPO_vs_BPO_gemma_bpo_deepseek,,90,0.0,-1.0,0,0,3,0,1,majority_loss
PRISM_BPO_vs_BPO_gemma_bpo_deepseek,,91,0.3333333333333333,-0.3333333333333333,0,2,1,1,0,judge_instability
PRISM_BPO_vs_BPO_gemma_bpo_deepseek,,94,0.16666666666666666,-0.6666666666666666,0,1,2,1,1,"majority_loss,judge_instability"
PRISM_BPO_vs_BPO_gemma_dolly_deepseek,,1,0.0,-1.0,0,0,3,0,1,majority_loss
PRISM_BPO_vs_BPO_gemma_dolly_deepseek,,10,0.6666666666666666,0.3333333333333333,1,2,0,1,0,judge_instability
PRISM_BPO_vs_BPO_gemma_dolly_deepseek,,104,0.0,-1.0,0,0,3,0,1,majority_loss
PRISM_BPO_vs_BPO_gemma_dolly_deepseek,,114,0.0,-1.0,0,0,3,0,1,majority_loss
PRISM_BPO_vs_BPO_gemma_dolly_deepseek,,118,0.0,-1.0,0,0,3,0,1,majority_loss
PRISM_BPO_vs_BPO_gemma_dolly_deepseek,,119,0.0,-1.0,0,0,3,0,1,majority_loss
PRISM_BPO_vs_BPO_gemma_dolly_deepseek,,12,0.0,-1.0,0,0,3,0,1,majority_loss
PRISM_BPO_vs_BPO_gemma_dolly_deepseek,,121,0.16666666666666666,-0.6666666666666666,0,1,2,1,1,"majority_loss,judge_instability"
PRISM_BPO_vs_BPO_gemma_dolly_deepseek,,122,0.0,-1.0,0,0,3,0,1,majority_loss
PRISM_BPO_vs_BPO_gemma_dolly_deepseek,,127,0.0,-1.0,0,0,3,0,1,majority_loss
PRISM_BPO_vs_BPO_gemma_dolly_deepseek,,130,0.16666666666666666,-0.6666666666666666,0,1,2,1,1,"majority_loss,judge_instability"
PRISM_BPO_vs_BPO_gemma_dolly_deepseek,,134,0.8333333333333334,0.6666666666666666,2,1,0,1,0,judge_instability
PRISM_BPO_vs_BPO_gemma_dolly_deepseek,,136,0.0,-1.0,0,0,3,0,1,majority_loss
PRISM_BPO_vs_BPO_gemma_dolly_deepseek,,138,0.0,-1.0,0,0,3,0,1,majority_loss
PRISM_BPO_vs_BPO_gemma_dolly_deepseek,,14,0.0,-1.0,0,0,3,0,1,majority_loss
PRISM_BPO_vs_BPO_gemma_dolly_deepseek,,143,0.3333333333333333,-0.3333333333333333,0,2,1,1,0,judge_instability
PRISM_BPO_vs_BPO_gemma_dolly_deepseek,,145,0.8333333333333334,0.6666666666666666,2,1,0,1,0,judge_instability
PRISM_BPO_vs_BPO_gemma_dolly_deepseek,,155,0.0,-1.0,0,0,3,0,1,majority_loss
PRISM_BPO_vs_BPO_gemma_dolly_deepseek,,159,0.0,-1.0,0,0,3,0,1,majority_loss
PRISM_BPO_vs_BPO_gemma_dolly_deepseek,,16,0.16666666666666666,-0.6666666666666666,0,1,2,1,1,"majority_loss,judge_instability"
PRISM_BPO_vs_BPO_gemma_dolly_deepseek,,163,0.0,-1.0,0,0,3,0,1,majority_loss
PRISM_BPO_vs_BPO_gemma_dolly_deepseek,,164,0.0,-1.0,0,0,3,0,1,majority_loss
PRISM_BPO_vs_BPO_gemma_dolly_deepseek,,169,0.0,-1.0,0,0,3,0,1,majority_loss
PRISM_BPO_vs_BPO_gemma_dolly_deepseek,,170,0.0,-1.0,0,0,3,0,1,majority_loss
PRISM_BPO_vs_BPO_gemma_dolly_deepseek,,175,0.0,-1.0,0,0,3,0,1,majority_loss
PRISM_BPO_vs_BPO_gemma_dolly_deepseek,,180,0.16666666666666666,-0.6666666666666666,0,1,2,1,1,"majority_loss,judge_instability"
PRISM_BPO_vs_BPO_gemma_dolly_deepseek,,182,0.0,-1.0,0,0,3,0,1,majority_loss
PRISM_BPO_vs_BPO_gemma_dolly_deepseek,,185,0.0,-1.0,0,0,3,0,1,majority_loss
PRISM_BPO_vs_BPO_gemma_dolly_deepseek,,187,0.0,-1.0,0,0,3,0,1,majority_loss
PRISM_BPO_vs_BPO_gemma_dolly_deepseek,,189,0.0,-1.0,0,0,3,0,1,majority_loss
PRISM_BPO_vs_BPO_gemma_dolly_deepseek,,193,0.0,-1.0,0,0,3,0,1,majority_loss
PRISM_BPO_vs_BPO_gemma_dolly_deepseek,,194,0.3333333333333333,-0.3333333333333333,0,2,1,1,0,judge_instability
PRISM_BPO_vs_BPO_gemma_dolly_deepseek,,195,0.0,-1.0,0,0,3,0,1,majority_loss
PRISM_BPO_vs_BPO_gemma_dolly_deepseek,,196,0.0,-1.0,0,0,3,0,1,majority_loss
PRISM_BPO_vs_BPO_gemma_dolly_deepseek,,197,0.0,-1.0,0,0,3,0,1,majority_loss
PRISM_BPO_vs_BPO_gemma_dolly_deepseek,,198,0.0,-1.0,0,0,3,0,1,majority_loss
PRISM_BPO_vs_BPO_gemma_dolly_deepseek,,24,0.3333333333333333,-0.3333333333333333,0,2,1,1,0,judge_instability
PRISM_BPO_vs_BPO_gemma_dolly_deepseek,,28,0.0,-1.0,0,0,3,0,1,majority_loss
PRISM_BPO_vs_BPO_gemma_dolly_deepseek,,42,0.0,-1.0,0,0,3,0,1,majority_loss
PRISM_BPO_vs_BPO_gemma_dolly_deepseek,,48,0.0,-1.0,0,0,3,0,1,majority_loss
PRISM_BPO_vs_BPO_gemma_dolly_deepseek,,55,0.16666666666666666,-0.6666666666666666,0,1,2,1,1,"majority_loss,judge_instability"
PRISM_BPO_vs_BPO_gemma_dolly_deepseek,,59,0.8333333333333334,0.6666666666666666,2,1,0,1,0,judge_instability
PRISM_BPO_vs_BPO_gemma_dolly_deepseek,,6,0.0,-1.0,0,0,3,0,1,majority_loss
PRISM_BPO_vs_BPO_gemma_dolly_deepseek,,60,0.0,-1.0,0,0,3,0,1,majority_loss
PRISM_BPO_vs_BPO_gemma_dolly_deepseek,,61,0.16666666666666666,-0.6666666666666666,0,1,2,1,1,"majority_loss,judge_instability"
PRISM_BPO_vs_BPO_gemma_dolly_deepseek,,62,0.0,-1.0,0,0,3,0,1,majority_loss
PRISM_BPO_vs_BPO_gemma_dolly_deepseek,,63,0.0,-1.0,0,0,3,0,1,majority_loss
PRISM_BPO_vs_BPO_gemma_dolly_deepseek,,66,0.8333333333333334,0.6666666666666666,2,1,0,1,0,judge_instability
PRISM_BPO_vs_BPO_gemma_dolly_deepseek,,76,0.0,-1.0,0,0,3,0,1,majority_loss
PRISM_BPO_vs_BPO_gemma_dolly_deepseek,,89,0.0,-1.0,0,0,3,0,1,majority_loss
PRISM_BPO_vs_BPO_gemma_dolly_deepseek,,94,0.8333333333333334,0.6666666666666666,2,1,0,1,0,judge_instability
PRISM_BPO_vs_BPO_gemma_dolly_deepseek,,95,0.0,-1.0,0,0,3,0,1,majority_loss
PRISM_BPO_vs_BPO_gemma_dolly_deepseek,,96,0.6666666666666666,0.3333333333333333,1,2,0,1,0,judge_instability
PRISM_BPO_vs_BPO_gemma_self_deepseek,,user_oriented_task_1,0.6666666666666666,0.3333333333333333,1,2,0,1,0,judge_instability
PRISM_BPO_vs_BPO_gemma_self_deepseek,,user_oriented_task_101,0.0,-1.0,0,0,3,0,1,majority_loss
PRISM_BPO_vs_BPO_gemma_self_deepseek,,user_oriented_task_102,0.0,-1.0,0,0,3,0,1,majority_loss
PRISM_BPO_vs_BPO_gemma_self_deepseek,,user_oriented_task_105,0.0,-1.0,0,0,3,0,1,majority_loss
PRISM_BPO_vs_BPO_gemma_self_deepseek,,user_oriented_task_107,0.16666666666666666,-0.6666666666666666,0,1,2,1,1,"majority_loss,judge_instability"
PRISM_BPO_vs_BPO_gemma_self_deepseek,,user_oriented_task_109,0.0,-1.0,0,0,3,0,1,majority_loss
PRISM_BPO_vs_BPO_gemma_self_deepseek,,user_oriented_task_11,0.0,-1.0,0,0,3,0,1,majority_loss
PRISM_BPO_vs_BPO_gemma_self_deepseek,,user_oriented_task_110,0.16666666666666666,-0.6666666666666666,0,1,2,1,1,"majority_loss,judge_instability"
PRISM_BPO_vs_BPO_gemma_self_deepseek,,user_oriented_task_116,0.3333333333333333,-0.3333333333333333,0,2,1,1,0,judge_instability
PRISM_BPO_vs_BPO_gemma_self_deepseek,,user_oriented_task_12,0.0,-1.0,0,0,3,0,1,majority_loss
PRISM_BPO_vs_BPO_gemma_self_deepseek,,user_oriented_task_120,0.6666666666666666,0.3333333333333333,1,2,0,1,0,judge_instability
PRISM_BPO_vs_BPO_gemma_self_deepseek,,user_oriented_task_128,0.16666666666666666,-0.6666666666666666,0,1,2,1,1,"majority_loss,judge_instability"
PRISM_BPO_vs_BPO_gemma_self_deepseek,,user_oriented_task_129,0.16666666666666666,-0.6666666666666666,0,1,2,1,1,"majority_loss,judge_instability"
PRISM_BPO_vs_BPO_gemma_self_deepseek,,user_oriented_task_13,0.0,-1.0,0,0,3,0,1,majority_loss
PRISM_BPO_vs_BPO_gemma_self_deepseek,,user_oriented_task_130,0.0,-1.0,0,0,3,0,1,majority_loss
PRISM_BPO_vs_BPO_gemma_self_deepseek,,user_oriented_task_135,0.0,-1.0,0,0,3,0,1,majority_loss
PRISM_BPO_vs_BPO_gemma_self_deepseek,,user_oriented_task_138,0.6666666666666666,0.3333333333333333,2,0,1,1,0,judge_instability
PRISM_BPO_vs_BPO_gemma_self_deepseek,,user_oriented_task_14,0.0,-1.0,0,0,3,0,1,majority_loss
PRISM_BPO_vs_BPO_gemma_self_deepseek,,user_oriented_task_147,0.0,-1.0,0,0,3,0,1,majority_loss
PRISM_BPO_vs_BPO_gemma_self_deepseek,,user_oriented_task_148,0.0,-1.0,0,0,3,0,1,majority_loss
PRISM_BPO_vs_BPO_gemma_self_deepseek,,user_oriented_task_149,0.0,-1.0,0,0,3,0,1,majority_loss
PRISM_BPO_vs_BPO_gemma_self_deepseek,,user_oriented_task_152,0.0,-1.0,0,0,3,0,1,majority_loss
PRISM_BPO_vs_BPO_gemma_self_deepseek,,user_oriented_task_158,0.0,-1.0,0,0,3,0,1,majority_loss
PRISM_BPO_vs_BPO_gemma_self_deepseek,,user_oriented_task_159,0.3333333333333333,-0.3333333333333333,0,2,1,1,0,judge_instability
PRISM_BPO_vs_BPO_gemma_self_deepseek,,user_oriented_task_163,0.0,-1.0,0,0,3,0,1,majority_loss
PRISM_BPO_vs_BPO_gemma_self_deepseek,,user_oriented_task_169,0.0,-1.0,0,0,3,0,1,majority_loss
PRISM_BPO_vs_BPO_gemma_self_deepseek,,user_oriented_task_17,0.0,-1.0,0,0,3,0,1,majority_loss
PRISM_BPO_vs_BPO_gemma_self_deepseek,,user_oriented_task_173,0.0,-1.0,0,0,3,0,1,majority_loss
PRISM_BPO_vs_BPO_gemma_self_deepseek,,user_oriented_task_174,0.0,-1.0,0,0,3,0,1,majority_loss
PRISM_BPO_vs_BPO_gemma_self_deepseek,,user_oriented_task_175,0.0,-1.0,0,0,3,0,1,majority_loss
PRISM_BPO_vs_BPO_gemma_self_deepseek,,user_oriented_task_176,0.0,-1.0,0,0,3,0,1,majority_loss
PRISM_BPO_vs_BPO_gemma_self_deepseek,,user_oriented_task_181,0.0,-1.0,0,0,3,0,1,majority_loss
PRISM_BPO_vs_BPO_gemma_self_deepseek,,user_oriented_task_182,0.0,-1.0,0,0,3,0,1,majority_loss
PRISM_BPO_vs_BPO_gemma_self_deepseek,,user_oriented_task_185,0.0,-1.0,0,0,3,0,1,majority_loss
PRISM_BPO_vs_BPO_gemma_self_deepseek,,user_oriented_task_187,0.8333333333333334,0.6666666666666666,2,1,0,1,0,judge_instability
PRISM_BPO_vs_BPO_gemma_self_deepseek,,user_oriented_task_196,0.0,-1.0,0,0,3,0,1,majority_loss
PRISM_BPO_vs_BPO_gemma_self_deepseek,,user_oriented_task_197,0.3333333333333333,-0.3333333333333333,0,2,1,1,0,judge_instability
PRISM_BPO_vs_BPO_gemma_self_deepseek,,user_oriented_task_199,0.16666666666666666,-0.6666666666666666,0,1,2,1,1,"majority_loss,judge_instability"
PRISM_BPO_vs_BPO_gemma_self_deepseek,,user_oriented_task_202,0.0,-1.0,0,0,3,0,1,majority_loss
PRISM_BPO_vs_BPO_gemma_self_deepseek,,user_oriented_task_207,0.0,-1.0,0,0,3,0,1,majority_loss
PRISM_BPO_vs_BPO_gemma_self_deepseek,,user_oriented_task_209,0.0,-1.0,0,0,3,0,1,majority_loss
PRISM_BPO_vs_BPO_gemma_self_deepseek,,user_oriented_task_21,0.0,-1.0,0,0,3,0,1,majority_loss
PRISM_BPO_vs_BPO_gemma_self_deepseek,,user_oriented_task_214,0.0,-1.0,0,0,3,0,1,majority_loss
PRISM_BPO_vs_BPO_gemma_self_deepseek,,user_oriented_task_215,0.0,-1.0,0,0,3,0,1,majority_loss
PRISM_BPO_vs_BPO_gemma_self_deepseek,,user_oriented_task_220,0.16666666666666666,-0.6666666666666666,0,1,2,1,1,"majority_loss,judge_instability"
PRISM_BPO_vs_BPO_gemma_self_deepseek,,user_oriented_task_224,0.0,-1.0,0,0,3,0,1,majority_loss
PRISM_BPO_vs_BPO_gemma_self_deepseek,,user_oriented_task_226,0.16666666666666666,-0.6666666666666666,0,1,2,1,1,"majority_loss,judge_instability"
PRISM_BPO_vs_BPO_gemma_self_deepseek,,user_oriented_task_233,0.16666666666666666,-0.6666666666666666,0,1,2,1,1,"majority_loss,judge_instability"
PRISM_BPO_vs_BPO_gemma_self_deepseek,,user_oriented_task_235,0.6666666666666666,0.3333333333333333,1,2,0,1,0,judge_instability
PRISM_BPO_vs_BPO_gemma_self_deepseek,,user_oriented_task_237,0.0,-1.0,0,0,3,0,1,majority_loss
PRISM_BPO_vs_BPO_gemma_self_deepseek,,user_oriented_task_239,0.3333333333333333,-0.3333333333333333,0,2,1,1,0,judge_instability
PRISM_BPO_vs_BPO_gemma_self_deepseek,,user_oriented_task_240,0.0,-1.0,0,0,3,0,1,majority_loss
PRISM_BPO_vs_BPO_gemma_self_deepseek,,user_oriented_task_241,0.0,-1.0,0,0,3,0,1,majority_loss
PRISM_BPO_vs_BPO_gemma_self_deepseek,,user_oriented_task_25,0.8333333333333334,0.6666666666666666,2,1,0,1,0,judge_instability
PRISM_BPO_vs_BPO_gemma_self_deepseek,,user_oriented_task_26,0.3333333333333333,-0.3333333333333333,0,2,1,1,0,judge_instability
PRISM_BPO_vs_BPO_gemma_self_deepseek,,user_oriented_task_27,0.3333333333333333,-0.3333333333333333,0,2,1,1,0,judge_instability
PRISM_BPO_vs_BPO_gemma_self_deepseek,,user_oriented_task_29,0.16666666666666666,-0.6666666666666666,0,1,2,1,1,"majority_loss,judge_instability"
PRISM_BPO_vs_BPO_gemma_self_deepseek,,user_oriented_task_32,0.0,-1.0,0,0,3,0,1,majority_loss
PRISM_BPO_vs_BPO_gemma_self_deepseek,,user_oriented_task_34,0.0,-1.0,0,0,3,0,1,majority_loss
PRISM_BPO_vs_BPO_gemma_self_deepseek,,user_oriented_task_36,0.6666666666666666,0.3333333333333333,1,2,0,1,0,judge_instability
PRISM_BPO_vs_BPO_gemma_self_deepseek,,user_oriented_task_37,0.8333333333333334,0.6666666666666666,2,1,0,1,0,judge_instability
PRISM_BPO_vs_BPO_gemma_self_deepseek,,user_oriented_task_39,0.0,-1.0,0,0,3,0,1,majority_loss
PRISM_BPO_vs_BPO_gemma_self_deepseek,,user_oriented_task_4,0.0,-1.0,0,0,3,0,1,majority_loss
PRISM_BPO_vs_BPO_gemma_self_deepseek,,user_oriented_task_40,0.16666666666666666,-0.6666666666666666,0,1,2,1,1,"majority_loss,judge_instability"
PRISM_BPO_vs_BPO_gemma_self_deepseek,,user_oriented_task_43,0.0,-1.0,0,0,3,0,1,majority_loss
PRISM_BPO_vs_BPO_gemma_self_deepseek,,user_oriented_task_48,0.0,-1.0,0,0,3,0,1,majority_loss
PRISM_BPO_vs_BPO_gemma_self_deepseek,,user_oriented_task_57,0.6666666666666666,0.3333333333333333,1,2,0,1,0,judge_instability
PRISM_BPO_vs_BPO_gemma_self_deepseek,,user_oriented_task_6,0.0,-1.0,0,0,3,0,1,majority_loss
PRISM_BPO_vs_BPO_gemma_self_deepseek,,user_oriented_task_61,0.0,-1.0,0,0,3,0,1,majority_loss
PRISM_BPO_vs_BPO_gemma_self_deepseek,,user_oriented_task_65,0.6666666666666666,0.3333333333333333,1,2,0,1,0,judge_instability
PRISM_BPO_vs_BPO_gemma_self_deepseek,,user_oriented_task_67,0.16666666666666666,-0.6666666666666666,0,1,2,1,1,"majority_loss,judge_instability"
PRISM_BPO_vs_BPO_gemma_self_deepseek,,user_oriented_task_69,0.0,-1.0,0,0,3,0,1,majority_loss
PRISM_BPO_vs_BPO_gemma_self_deepseek,,user_oriented_task_71,0.6666666666666666,0.3333333333333333,1,2,0,1,0,judge_instability
PRISM_BPO_vs_BPO_gemma_self_deepseek,,user_oriented_task_77,0.0,-1.0,0,0,3,0,1,majority_loss
PRISM_BPO_vs_BPO_gemma_self_deepseek,,user_oriented_task_82,0.8333333333333334,0.6666666666666666,2,1,0,1,0,judge_instability
PRISM_BPO_vs_BPO_gemma_self_deepseek,,user_oriented_task_83,0.6666666666666666,0.3333333333333333,1,2,0,1,0,judge_instability
PRISM_BPO_vs_BPO_gemma_self_deepseek,,user_oriented_task_87,0.0,-1.0,0,0,3,0,1,majority_loss
PRISM_BPO_vs_BPO_gemma_self_deepseek,,user_oriented_task_9,0.5,0.0,1,1,1,1,0,judge_instability
PRISM_BPO_vs_BPO_gemma_self_deepseek,,user_oriented_task_96,0.3333333333333333,-0.3333333333333333,0,2,1,1,0,judge_instability
PRISM_BPO_vs_BPO_gemma_vicuna_deepseek,,14,0.16666666666666666,-0.6666666666666666,0,1,2,1,1,"majority_loss,judge_instability"
PRISM_BPO_vs_BPO_gemma_vicuna_deepseek,,16,0.0,-1.0,0,0,3,0,1,majority_loss
PRISM_BPO_vs_BPO_gemma_vicuna_deepseek,,21,0.8333333333333334,0.6666666666666666,2,1,0,1,0,judge_instability
PRISM_BPO_vs_BPO_gemma_vicuna_deepseek,,25,0.8333333333333334,0.6666666666666666,2,1,0,1,0,judge_instability
PRISM_BPO_vs_BPO_gemma_vicuna_deepseek,,26,0.6666666666666666,0.3333333333333333,1,2,0,1,0,judge_instability
PRISM_BPO_vs_BPO_gemma_vicuna_deepseek,,27,0.16666666666666666,-0.6666666666666666,0,1,2,1,1,"majority_loss,judge_instability"
PRISM_BPO_vs_BPO_gemma_vicuna_deepseek,,28,0.3333333333333333,-0.3333333333333333,0,2,1,1,0,judge_instability
PRISM_BPO_vs_BPO_gemma_vicuna_deepseek,,32,0.0,-1.0,0,0,3,0,1,majority_loss
PRISM_BPO_vs_BPO_gemma_vicuna_deepseek,,35,0.0,-1.0,0,0,3,0,1,majority_loss
PRISM_BPO_vs_BPO_gemma_vicuna_deepseek,,36,0.0,-1.0,0,0,3,0,1,majority_loss
PRISM_BPO_vs_BPO_gemma_vicuna_deepseek,,42,0.0,-1.0,0,0,3,0,1,majority_loss
PRISM_BPO_vs_BPO_gemma_vicuna_deepseek,,45,0.0,-1.0,0,0,3,0,1,majority_loss
PRISM_BPO_vs_BPO_gemma_vicuna_deepseek,,47,0.0,-1.0,0,0,3,0,1,majority_loss
PRISM_BPO_vs_BPO_gemma_vicuna_deepseek,,48,0.3333333333333333,-0.3333333333333333,0,2,1,1,0,judge_instability
PRISM_BPO_vs_BPO_gemma_vicuna_deepseek,,56,0.8333333333333334,0.6666666666666666,2,1,0,1,0,judge_instability
PRISM_BPO_vs_BPO_gemma_vicuna_deepseek,,62,0.6666666666666666,0.3333333333333333,1,2,0,1,0,judge_instability
PRISM_BPO_vs_BPO_gemma_vicuna_deepseek,,63,0.0,-1.0,0,0,3,0,1,majority_loss
PRISM_BPO_vs_BPO_gemma_vicuna_deepseek,,64,0.3333333333333333,-0.3333333333333333,1,0,2,1,1,"majority_loss,judge_instability"
PRISM_BPO_vs_BPO_gemma_vicuna_deepseek,,66,0.8333333333333334,0.6666666666666666,2,1,0,1,0,judge_instability
PRISM_BPO_vs_BPO_gemma_vicuna_deepseek,,71,0.6666666666666666,0.3333333333333333,1,2,0,1,0,judge_instability
PRISM_BPO_vs_BPO_gemma_vicuna_deepseek,,72,0.6666666666666666,0.3333333333333333,1,2,0,1,0,judge_instability
PRISM_BPO_vs_BPO_gemma_vicuna_deepseek,,76,0.0,-1.0,0,0,3,0,1,majority_loss
PRISM_BPO_vs_BPO_llama_bpo_deepseek,,1,0.3333333333333333,-0.3333333333333333,0,2,1,1,0,judge_instability
PRISM_BPO_vs_BPO_llama_bpo_deepseek,,101,0.6666666666666666,0.3333333333333333,1,2,0,1,0,judge_instability
PRISM_BPO_vs_BPO_llama_bpo_deepseek,,103,0.0,-1.0,0,0,3,0,1,majority_loss
PRISM_BPO_vs_BPO_llama_bpo_deepseek,,104,0.16666666666666666,-0.6666666666666666,0,1,2,1,1,"majority_loss,judge_instability"
PRISM_BPO_vs_BPO_llama_bpo_deepseek,,107,0.0,-1.0,0,0,3,0,1,majority_loss
PRISM_BPO_vs_BPO_llama_bpo_deepseek,,109,0.0,-1.0,0,0,3,0,1,majority_loss
PRISM_BPO_vs_BPO_llama_bpo_deepseek,,110,0.0,-1.0,0,0,3,0,1,majority_loss
PRISM_BPO_vs_BPO_llama_bpo_deepseek,,111,0.0,-1.0,0,0,3,0,1,majority_loss
PRISM_BPO_vs_BPO_llama_bpo_deepseek,,112,0.0,-1.0,0,0,3,0,1,majority_loss
PRISM_BPO_vs_BPO_llama_bpo_deepseek,,114,0.0,-1.0,0,0,3,0,1,majority_loss
PRISM_BPO_vs_BPO_llama_bpo_deepseek,,115,0.0,-1.0,0,0,3,0,1,majority_loss
PRISM_BPO_vs_BPO_llama_bpo_deepseek,,117,0.0,-1.0,0,0,3,0,1,majority_loss
PRISM_BPO_vs_BPO_llama_bpo_deepseek,,126,0.16666666666666666,-0.6666666666666666,0,1,2,1,1,"majority_loss,judge_instability"
PRISM_BPO_vs_BPO_llama_bpo_deepseek,,127,0.3333333333333333,-0.3333333333333333,0,2,1,1,0,judge_instability
PRISM_BPO_vs_BPO_llama_bpo_deepseek,,128,0.3333333333333333,-0.3333333333333333,1,0,2,1,1,"majority_loss,judge_instability"
PRISM_BPO_vs_BPO_llama_bpo_deepseek,,129,0.8333333333333334,0.6666666666666666,2,1,0,1,0,judge_instability
PRISM_BPO_vs_BPO_llama_bpo_deepseek,,130,0.0,-1.0,0,0,3,0,1,majority_loss
PRISM_BPO_vs_BPO_llama_bpo_deepseek,,131,0.16666666666666666,-0.6666666666666666,0,1,2,1,1,"majority_loss,judge_instability"
PRISM_BPO_vs_BPO_llama_bpo_deepseek,,138,0.0,-1.0,0,0,3,0,1,majority_loss
PRISM_BPO_vs_BPO_llama_bpo_deepseek,,141,0.0,-1.0,0,0,3,0,1,majority_loss
PRISM_BPO_vs_BPO_llama_bpo_deepseek,,143,0.16666666666666666,-0.6666666666666666,0,1,2,1,1,"majority_loss,judge_instability"
PRISM_BPO_vs_BPO_llama_bpo_deepseek,,146,0.0,-1.0,0,0,3,0,1,majority_loss
PRISM_BPO_vs_BPO_llama_bpo_deepseek,,156,0.0,-1.0,0,0,3,0,1,majority_loss
PRISM_BPO_vs_BPO_llama_bpo_deepseek,,159,0.16666666666666666,-0.6666666666666666,0,1,2,1,1,"majority_loss,judge_instability"
PRISM_BPO_vs_BPO_llama_bpo_deepseek,,16,0.5,0.0,1,1,1,1,0,judge_instability
PRISM_BPO_vs_BPO_llama_bpo_deepseek,,160,0.0,-1.0,0,0,3,0,1,majority_loss
PRISM_BPO_vs_BPO_llama_bpo_deepseek,,161,0.0,-1.0,0,0,3,0,1,majority_loss
PRISM_BPO_vs_BPO_llama_bpo_deepseek,,166,0.0,-1.0,0,0,3,0,1,majority_loss
PRISM_BPO_vs_BPO_llama_bpo_deepseek,,171,0.0,-1.0,0,0,3,0,1,majority_loss
PRISM_BPO_vs_BPO_llama_bpo_deepseek,,173,0.8333333333333334,0.6666666666666666,2,1,0,1,0,judge_instability
PRISM_BPO_vs_BPO_llama_bpo_deepseek,,175,0.0,-1.0,0,0,3,0,1,majority_loss
PRISM_BPO_vs_BPO_llama_bpo_deepseek,,178,0.0,-1.0,0,0,3,0,1,majority_loss
PRISM_BPO_vs_BPO_llama_bpo_deepseek,,180,0.0,-1.0,0,0,3,0,1,majority_loss
PRISM_BPO_vs_BPO_llama_bpo_deepseek,,181,0.0,-1.0,0,0,3,0,1,majority_loss
PRISM_BPO_vs_BPO_llama_bpo_deepseek,,183,0.0,-1.0,0,0,3,0,1,majority_loss
PRISM_BPO_vs_BPO_llama_bpo_deepseek,,185,0.0,-1.0,0,0,3,0,1,majority_loss
PRISM_BPO_vs_BPO_llama_bpo_deepseek,,186,0.3333333333333333,-0.3333333333333333,0,2,1,1,0,judge_instability
PRISM_BPO_vs_BPO_llama_bpo_deepseek,,188,0.0,-1.0,0,0,3,0,1,majority_loss
PRISM_BPO_vs_BPO_llama_bpo_deepseek,,192,0.6666666666666666,0.3333333333333333,1,2,0,1,0,judge_instability
PRISM_BPO_vs_BPO_llama_bpo_deepseek,,195,0.0,-1.0,0,0,3,0,1,majority_loss
PRISM_BPO_vs_BPO_llama_bpo_deepseek,,196,0.8333333333333334,0.6666666666666666,2,1,0,1,0,judge_instability
PRISM_BPO_vs_BPO_llama_bpo_deepseek,,20,0.0,-1.0,0,0,3,0,1,majority_loss
PRISM_BPO_vs_BPO_llama_bpo_deepseek,,200,0.0,-1.0,0,0,3,0,1,majority_loss
PRISM_BPO_vs_BPO_llama_bpo_deepseek,,33,0.0,-1.0,0,0,3,0,1,majority_loss
PRISM_BPO_vs_BPO_llama_bpo_deepseek,,39,0.0,-1.0,0,0,3,0,1,majority_loss
PRISM_BPO_vs_BPO_llama_bpo_deepseek,,45,0.0,-1.0,0,0,3,0,1,majority_loss
PRISM_BPO_vs_BPO_llama_bpo_deepseek,,46,0.0,-1.0,0,0,3,0,1,majority_loss
PRISM_BPO_vs_BPO_llama_bpo_deepseek,,5,0.6666666666666666,0.3333333333333333,1,2,0,1,0,judge_instability
PRISM_BPO_vs_BPO_llama_bpo_deepseek,,50,0.0,-1.0,0,0,3,0,1,majority_loss
PRISM_BPO_vs_BPO_llama_bpo_deepseek,,51,0.0,-1.0,0,0,3,0,1,majority_loss
PRISM_BPO_vs_BPO_llama_bpo_deepseek,,54,0.0,-1.0,0,0,3,0,1,majority_loss
PRISM_BPO_vs_BPO_llama_bpo_deepseek,,55,0.0,-1.0,0,0,3,0,1,majority_loss
PRISM_BPO_vs_BPO_llama_bpo_deepseek,,57,0.16666666666666666,-0.6666666666666666,0,1,2,1,1,"majority_loss,judge_instability"
PRISM_BPO_vs_BPO_llama_bpo_deepseek,,58,0.6666666666666666,0.3333333333333333,1,2,0,1,0,judge_instability
PRISM_BPO_vs_BPO_llama_bpo_deepseek,,6,0.0,-1.0,0,0,3,0,1,majority_loss
PRISM_BPO_vs_BPO_llama_bpo_deepseek,,63,0.0,-1.0,0,0,3,0,1,majority_loss
PRISM_BPO_vs_BPO_llama_bpo_deepseek,,64,0.0,-1.0,0,0,3,0,1,majority_loss
PRISM_BPO_vs_BPO_llama_bpo_deepseek,,65,0.0,-1.0,0,0,3,0,1,majority_loss
PRISM_BPO_vs_BPO_llama_bpo_deepseek,,70,0.0,-1.0,0,0,3,0,1,majority_loss
PRISM_BPO_vs_BPO_llama_bpo_deepseek,,71,0.0,-1.0,0,0,3,0,1,majority_loss
PRISM_BPO_vs_BPO_llama_bpo_deepseek,,74,0.0,-1.0,0,0,3,0,1,majority_loss
PRISM_BPO_vs_BPO_llama_bpo_deepseek,,77,0.3333333333333333,-0.3333333333333333,0,2,1,1,0,judge_instability
PRISM_BPO_vs_BPO_llama_bpo_deepseek,,78,0.3333333333333333,-0.3333333333333333,1,0,2,1,1,"majority_loss,judge_instability"
PRISM_BPO_vs_BPO_llama_bpo_deepseek,,79,0.0,-1.0,0,0,3,0,1,majority_loss
PRISM_BPO_vs_BPO_llama_bpo_deepseek,,82,0.0,-1.0,0,0,3,0,1,majority_loss
PRISM_BPO_vs_BPO_llama_bpo_deepseek,,83,0.0,-1.0,0,0,3,0,1,majority_loss
PRISM_BPO_vs_BPO_llama_bpo_deepseek,,84,0.6666666666666666,0.3333333333333333,1,2,0,1,0,judge_instability
PRISM_BPO_vs_BPO_llama_bpo_deepseek,,86,0.0,-1.0,0,0,3,0,1,majority_loss
PRISM_BPO_vs_BPO_llama_bpo_deepseek,,87,0.0,-1.0,0,0,3,0,1,majority_loss
PRISM_BPO_vs_BPO_llama_bpo_deepseek,,91,0.0,-1.0,0,0,3,0,1,majority_loss
PRISM_BPO_vs_BPO_llama_bpo_deepseek,,94,0.0,-1.0,0,0,3,0,1,majority_loss
PRISM_BPO_vs_BPO_llama_bpo_deepseek,,96,0.0,-1.0,0,0,3,0,1,majority_loss
PRISM_BPO_vs_BPO_llama_bpo_deepseek,,97,0.8333333333333334,0.6666666666666666,2,1,0,1,0,judge_instability
PRISM_BPO_vs_BPO_llama_bpo_deepseek,,98,0.0,-1.0,0,0,3,0,1,majority_loss
PRISM_BPO_vs_BPO_llama_dolly_deepseek,,10,0.0,-1.0,0,0,3,0,1,majority_loss
PRISM_BPO_vs_BPO_llama_dolly_deepseek,,104,0.0,-1.0,0,0,3,0,1,majority_loss
PRISM_BPO_vs_BPO_llama_dolly_deepseek,,105,0.3333333333333333,-0.3333333333333333,1,0,2,1,1,"majority_loss,judge_instability"
PRISM_BPO_vs_BPO_llama_dolly_deepseek,,106,0.8333333333333334,0.6666666666666666,2,1,0,1,0,judge_instability
PRISM_BPO_vs_BPO_llama_dolly_deepseek,,107,0.16666666666666666,-0.6666666666666666,0,1,2,1,1,"majority_loss,judge_instability"
PRISM_BPO_vs_BPO_llama_dolly_deepseek,,109,0.0,-1.0,0,0,3,0,1,majority_loss
PRISM_BPO_vs_BPO_llama_dolly_deepseek,,110,0.0,-1.0,0,0,3,0,1,majority_loss
PRISM_BPO_vs_BPO_llama_dolly_deepseek,,114,0.6666666666666666,0.3333333333333333,2,0,1,1,0,judge_instability
PRISM_BPO_vs_BPO_llama_dolly_deepseek,,115,0.0,-1.0,0,0,3,0,1,majority_loss
PRISM_BPO_vs_BPO_llama_dolly_deepseek,,116,0.0,-1.0,0,0,3,0,1,majority_loss
PRISM_BPO_vs_BPO_llama_dolly_deepseek,,118,0.0,-1.0,0,0,3,0,1,majority_loss
PRISM_BPO_vs_BPO_llama_dolly_deepseek,,12,0.0,-1.0,0,0,3,0,1,majority_loss
PRISM_BPO_vs_BPO_llama_dolly_deepseek,,125,0.0,-1.0,0,0,3,0,1,majority_loss
PRISM_BPO_vs_BPO_llama_dolly_deepseek,,126,0.0,-1.0,0,0,3,0,1,majority_loss
PRISM_BPO_vs_BPO_llama_dolly_deepseek,,128,0.0,-1.0,0,0,3,0,1,majority_loss
PRISM_BPO_vs_BPO_llama_dolly_deepseek,,13,0.3333333333333333,-0.3333333333333333,0,2,1,1,0,judge_instability
PRISM_BPO_vs_BPO_llama_dolly_deepseek,,132,0.0,-1.0,0,0,3,0,1,majority_loss
PRISM_BPO_vs_BPO_llama_dolly_deepseek,,138,0.0,-1.0,0,0,3,0,1,majority_loss
PRISM_BPO_vs_BPO_llama_dolly_deepseek,,139,0.0,-1.0,0,0,3,0,1,majority_loss
PRISM_BPO_vs_BPO_llama_dolly_deepseek,,140,0.3333333333333333,-0.3333333333333333,0,2,1,1,0,judge_instability
PRISM_BPO_vs_BPO_llama_dolly_deepseek,,15,0.3333333333333333,-0.3333333333333333,1,0,2,1,1,"majority_loss,judge_instability"
PRISM_BPO_vs_BPO_llama_dolly_deepseek,,151,0.16666666666666666,-0.6666666666666666,0,1,2,1,1,"majority_loss,judge_instability"
PRISM_BPO_vs_BPO_llama_dolly_deepseek,,157,0.8333333333333334,0.6666666666666666,2,1,0,1,0,judge_instability
PRISM_BPO_vs_BPO_llama_dolly_deepseek,,158,0.16666666666666666,-0.6666666666666666,0,1,2,1,1,"majority_loss,judge_instability"
PRISM_BPO_vs_BPO_llama_dolly_deepseek,,159,0.0,-1.0,0,0,3,0,1,majority_loss
PRISM_BPO_vs_BPO_llama_dolly_deepseek,,161,0.0,-1.0,0,0,3,0,1,majority_loss
PRISM_BPO_vs_BPO_llama_dolly_deepseek,,162,0.0,-1.0,0,0,3,0,1,majority_loss
PRISM_BPO_vs_BPO_llama_dolly_deepseek,,163,0.0,-1.0,0,0,3,0,1,majority_loss
PRISM_BPO_vs_BPO_llama_dolly_deepseek,,165,0.0,-1.0,0,0,3,0,1,majority_loss
PRISM_BPO_vs_BPO_llama_dolly_deepseek,,168,0.16666666666666666,-0.6666666666666666,0,1,2,1,1,"majority_loss,judge_instability"
PRISM_BPO_vs_BPO_llama_dolly_deepseek,,175,0.0,-1.0,0,0,3,0,1,majority_loss
PRISM_BPO_vs_BPO_llama_dolly_deepseek,,176,0.8333333333333334,0.6666666666666666,2,1,0,1,0,judge_instability
PRISM_BPO_vs_BPO_llama_dolly_deepseek,,179,0.0,-1.0,0,0,3,0,1,majority_loss
PRISM_BPO_vs_BPO_llama_dolly_deepseek,,181,0.0,-1.0,0,0,3,0,1,majority_loss
PRISM_BPO_vs_BPO_llama_dolly_deepseek,,184,0.0,-1.0,0,0,3,0,1,majority_loss
PRISM_BPO_vs_BPO_llama_dolly_deepseek,,187,0.0,-1.0,0,0,3,0,1,majority_loss
PRISM_BPO_vs_BPO_llama_dolly_deepseek,,188,0.3333333333333333,-0.3333333333333333,1,0,2,1,1,"majority_loss,judge_instability"
PRISM_BPO_vs_BPO_llama_dolly_deepseek,,190,0.0,-1.0,0,0,3,0,1,majority_loss
PRISM_BPO_vs_BPO_llama_dolly_deepseek,,191,0.0,-1.0,0,0,3,0,1,majority_loss
PRISM_BPO_vs_BPO_llama_dolly_deepseek,,193,0.0,-1.0,0,0,3,0,1,majority_loss
PRISM_BPO_vs_BPO_llama_dolly_deepseek,,194,0.8333333333333334,0.6666666666666666,2,1,0,1,0,judge_instability
PRISM_BPO_vs_BPO_llama_dolly_deepseek,,196,0.0,-1.0,0,0,3,0,1,majority_loss
PRISM_BPO_vs_BPO_llama_dolly_deepseek,,197,0.0,-1.0,0,0,3,0,1,majority_loss
PRISM_BPO_vs_BPO_llama_dolly_deepseek,,200,0.0,-1.0,0,0,3,0,1,majority_loss
PRISM_BPO_vs_BPO_llama_dolly_deepseek,,26,0.6666666666666666,0.3333333333333333,1,2,0,1,0,judge_instability
PRISM_BPO_vs_BPO_llama_dolly_deepseek,,27,0.0,-1.0,0,0,3,0,1,majority_loss
PRISM_BPO_vs_BPO_llama_dolly_deepseek,,28,0.0,-1.0,0,0,3,0,1,majority_loss
PRISM_BPO_vs_BPO_llama_dolly_deepseek,,30,0.3333333333333333,-0.3333333333333333,0,2,1,1,0,judge_instability
PRISM_BPO_vs_BPO_llama_dolly_deepseek,,32,0.0,-1.0,0,0,3,0,1,majority_loss
PRISM_BPO_vs_BPO_llama_dolly_deepseek,,45,0.16666666666666666,-0.6666666666666666,0,1,2,1,1,"majority_loss,judge_instability"
PRISM_BPO_vs_BPO_llama_dolly_deepseek,,46,0.0,-1.0,0,0,3,0,1,majority_loss
PRISM_BPO_vs_BPO_llama_dolly_deepseek,,5,0.3333333333333333,-0.3333333333333333,0,2,1,1,0,judge_instability
PRISM_BPO_vs_BPO_llama_dolly_deepseek,,50,0.16666666666666666,-0.6666666666666666,0,1,2,1,1,"majority_loss,judge_instability"
PRISM_BPO_vs_BPO_llama_dolly_deepseek,,51,0.0,-1.0,0,0,3,0,1,majority_loss
PRISM_BPO_vs_BPO_llama_dolly_deepseek,,53,0.6666666666666666,0.3333333333333333,1,2,0,1,0,judge_instability
PRISM_BPO_vs_BPO_llama_dolly_deepseek,,54,0.8333333333333334,0.6666666666666666,2,1,0,1,0,judge_instability
PRISM_BPO_vs_BPO_llama_dolly_deepseek,,55,0.0,-1.0,0,0,3,0,1,majority_loss
PRISM_BPO_vs_BPO_llama_dolly_deepseek,,59,0.0,-1.0,0,0,3,0,1,majority_loss
PRISM_BPO_vs_BPO_llama_dolly_deepseek,,60,0.3333333333333333,-0.3333333333333333,0,2,1,1,0,judge_instability
PRISM_BPO_vs_BPO_llama_dolly_deepseek,,70,0.3333333333333333,-0.3333333333333333,0,2,1,1,0,judge_instability
PRISM_BPO_vs_BPO_llama_dolly_deepseek,,73,0.3333333333333333,-0.3333333333333333,0,2,1,1,0,judge_instability
PRISM_BPO_vs_BPO_llama_dolly_deepseek,,79,0.16666666666666666,-0.6666666666666666,0,1,2,1,1,"majority_loss,judge_instability"
PRISM_BPO_vs_BPO_llama_dolly_deepseek,,8,0.0,-1.0,0,0,3,0,1,majority_loss
PRISM_BPO_vs_BPO_llama_dolly_deepseek,,80,0.0,-1.0,0,0,3,0,1,majority_loss
PRISM_BPO_vs_BPO_llama_dolly_deepseek,,85,0.3333333333333333,-0.3333333333333333,1,0,2,1,1,"majority_loss,judge_instability"
PRISM_BPO_vs_BPO_llama_dolly_deepseek,,86,0.6666666666666666,0.3333333333333333,1,2,0,1,0,judge_instability
PRISM_BPO_vs_BPO_llama_dolly_deepseek,,89,0.3333333333333333,-0.3333333333333333,0,2,1,1,0,judge_instability
PRISM_BPO_vs_BPO_llama_dolly_deepseek,,90,0.0,-1.0,0,0,3,0,1,majority_loss
PRISM_BPO_vs_BPO_llama_dolly_deepseek,,92,0.0,-1.0,0,0,3,0,1,majority_loss
PRISM_BPO_vs_BPO_llama_self_deepseek,,user_oriented_task_10,0.0,-1.0,0,0,3,0,1,majority_loss
PRISM_BPO_vs_BPO_llama_self_deepseek,,user_oriented_task_100,0.8333333333333334,0.6666666666666666,2,1,0,1,0,judge_instability
PRISM_BPO_vs_BPO_llama_self_deepseek,,user_oriented_task_101,0.0,-1.0,0,0,3,0,1,majority_loss
PRISM_BPO_vs_BPO_llama_self_deepseek,,user_oriented_task_102,0.0,-1.0,0,0,3,0,1,majority_loss
PRISM_BPO_vs_BPO_llama_self_deepseek,,user_oriented_task_103,0.0,-1.0,0,0,3,0,1,majority_loss
PRISM_BPO_vs_BPO_llama_self_deepseek,,user_oriented_task_114,0.0,-1.0,0,0,3,0,1,majority_loss
PRISM_BPO_vs_BPO_llama_self_deepseek,,user_oriented_task_116,0.8333333333333334,0.6666666666666666,2,1,0,1,0,judge_instability
PRISM_BPO_vs_BPO_llama_self_deepseek,,user_oriented_task_123,0.6666666666666666,0.3333333333333333,2,0,1,1,0,judge_instability
PRISM_BPO_vs_BPO_llama_self_deepseek,,user_oriented_task_124,0.0,-1.0,0,0,3,0,1,majority_loss
PRISM_BPO_vs_BPO_llama_self_deepseek,,user_oriented_task_127,0.0,-1.0,0,0,3,0,1,majority_loss
PRISM_BPO_vs_BPO_llama_self_deepseek,,user_oriented_task_128,0.8333333333333334,0.6666666666666666,2,1,0,1,0,judge_instability
PRISM_BPO_vs_BPO_llama_self_deepseek,,user_oriented_task_129,0.0,-1.0,0,0,3,0,1,majority_loss
PRISM_BPO_vs_BPO_llama_self_deepseek,,user_oriented_task_13,0.0,-1.0,0,0,3,0,1,majority_loss
PRISM_BPO_vs_BPO_llama_self_deepseek,,user_oriented_task_130,0.8333333333333334,0.6666666666666666,2,1,0,1,0,judge_instability
PRISM_BPO_vs_BPO_llama_self_deepseek,,user_oriented_task_131,0.0,-1.0,0,0,3,0,1,majority_loss
PRISM_BPO_vs_BPO_llama_self_deepseek,,user_oriented_task_132,0.0,-1.0,0,0,3,0,1,majority_loss
PRISM_BPO_vs_BPO_llama_self_deepseek,,user_oriented_task_138,0.0,-1.0,0,0,3,0,1,majority_loss
PRISM_BPO_vs_BPO_llama_self_deepseek,,user_oriented_task_139,0.0,-1.0,0,0,3,0,1,majority_loss
PRISM_BPO_vs_BPO_llama_self_deepseek,,user_oriented_task_141,0.0,-1.0,0,0,3,0,1,majority_loss
PRISM_BPO_vs_BPO_llama_self_deepseek,,user_oriented_task_142,0.3333333333333333,-0.3333333333333333,1,0,2,1,1,"majority_loss,judge_instability"
PRISM_BPO_vs_BPO_llama_self_deepseek,,user_oriented_task_148,0.0,-1.0,0,0,3,0,1,majority_loss
PRISM_BPO_vs_BPO_llama_self_deepseek,,user_oriented_task_149,0.5,0.0,1,1,1,1,0,judge_instability
PRISM_BPO_vs_BPO_llama_self_deepseek,,user_oriented_task_152,0.0,-1.0,0,0,3,0,1,majority_loss
PRISM_BPO_vs_BPO_llama_self_deepseek,,user_oriented_task_158,0.0,-1.0,0,0,3,0,1,majority_loss
PRISM_BPO_vs_BPO_llama_self_deepseek,,user_oriented_task_160,0.6666666666666666,0.3333333333333333,2,0,1,1,0,judge_instability
PRISM_BPO_vs_BPO_llama_self_deepseek,,user_oriented_task_161,0.0,-1.0,0,0,3,0,1,majority_loss
PRISM_BPO_vs_BPO_llama_self_deepseek,,user_oriented_task_162,0.0,-1.0,0,0,3,0,1,majority_loss
PRISM_BPO_vs_BPO_llama_self_deepseek,,user_oriented_task_169,0.6666666666666666,0.3333333333333333,2,0,1,1,0,judge_instability
PRISM_BPO_vs_BPO_llama_self_deepseek,,user_oriented_task_170,0.8333333333333334,0.6666666666666666,2,1,0,1,0,judge_instability
PRISM_BPO_vs_BPO_llama_self_deepseek,,user_oriented_task_171,0.8333333333333334,0.6666666666666666,2,1,0,1,0,judge_instability
PRISM_BPO_vs_BPO_llama_self_deepseek,,user_oriented_task_173,0.0,-1.0,0,0,3,0,1,majority_loss
PRISM_BPO_vs_BPO_llama_self_deepseek,,user_oriented_task_174,0.0,-1.0,0,0,3,0,1,majority_loss
PRISM_BPO_vs_BPO_llama_self_deepseek,,user_oriented_task_175,0.0,-1.0,0,0,3,0,1,majority_loss
PRISM_BPO_vs_BPO_llama_self_deepseek,,user_oriented_task_178,0.0,-1.0,0,0,3,0,1,majority_loss
PRISM_BPO_vs_BPO_llama_self_deepseek,,user_oriented_task_183,0.0,-1.0,0,0,3,0,1,majority_loss
PRISM_BPO_vs_BPO_llama_self_deepseek,,user_oriented_task_185,0.3333333333333333,-0.3333333333333333,0,2,1,1,0,judge_instability
PRISM_BPO_vs_BPO_llama_self_deepseek,,user_oriented_task_191,0.6666666666666666,0.3333333333333333,1,2,0,1,0,judge_instability
PRISM_BPO_vs_BPO_llama_self_deepseek,,user_oriented_task_193,0.0,-1.0,0,0,3,0,1,majority_loss
PRISM_BPO_vs_BPO_llama_self_deepseek,,user_oriented_task_196,0.0,-1.0,0,0,3,0,1,majority_loss
PRISM_BPO_vs_BPO_llama_self_deepseek,,user_oriented_task_201,0.0,-1.0,0,0,3,0,1,majority_loss
PRISM_BPO_vs_BPO_llama_self_deepseek,,user_oriented_task_202,0.0,-1.0,0,0,3,0,1,majority_loss
PRISM_BPO_vs_BPO_llama_self_deepseek,,user_oriented_task_204,0.3333333333333333,-0.3333333333333333,0,2,1,1,0,judge_instability
PRISM_BPO_vs_BPO_llama_self_deepseek,,user_oriented_task_207,0.0,-1.0,0,0,3,0,1,majority_loss
PRISM_BPO_vs_BPO_llama_self_deepseek,,user_oriented_task_209,0.0,-1.0,0,0,3,0,1,majority_loss
PRISM_BPO_vs_BPO_llama_self_deepseek,,user_oriented_task_21,0.8333333333333334,0.6666666666666666,2,1,0,1,0,judge_instability
PRISM_BPO_vs_BPO_llama_self_deepseek,,user_oriented_task_210,0.0,-1.0,0,0,3,0,1,majority_loss
PRISM_BPO_vs_BPO_llama_self_deepseek,,user_oriented_task_214,0.16666666666666666,-0.6666666666666666,0,1,2,1,1,"majority_loss,judge_instability"
PRISM_BPO_vs_BPO_llama_self_deepseek,,user_oriented_task_215,0.0,-1.0,0,0,3,0,1,majority_loss
PRISM_BPO_vs_BPO_llama_self_deepseek,,user_oriented_task_216,0.0,-1.0,0,0,3,0,1,majority_loss
PRISM_BPO_vs_BPO_llama_self_deepseek,,user_oriented_task_218,0.0,-1.0,0,0,3,0,1,majority_loss
PRISM_BPO_vs_BPO_llama_self_deepseek,,user_oriented_task_22,0.0,-1.0,0,0,3,0,1,majority_loss
PRISM_BPO_vs_BPO_llama_self_deepseek,,user_oriented_task_220,0.0,-1.0,0,0,3,0,1,majority_loss
PRISM_BPO_vs_BPO_llama_self_deepseek,,user_oriented_task_222,0.0,-1.0,0,0,3,0,1,majority_loss
PRISM_BPO_vs_BPO_llama_self_deepseek,,user_oriented_task_225,0.0,-1.0,0,0,3,0,1,majority_loss
PRISM_BPO_vs_BPO_llama_self_deepseek,,user_oriented_task_229,0.6666666666666666,0.3333333333333333,1,2,0,1,0,judge_instability
PRISM_BPO_vs_BPO_llama_self_deepseek,,user_oriented_task_230,0.0,-1.0,0,0,3,0,1,majority_loss
PRISM_BPO_vs_BPO_llama_self_deepseek,,user_oriented_task_232,0.0,-1.0,0,0,3,0,1,majority_loss
PRISM_BPO_vs_BPO_llama_self_deepseek,,user_oriented_task_235,0.0,-1.0,0,0,3,0,1,majority_loss
PRISM_BPO_vs_BPO_llama_self_deepseek,,user_oriented_task_236,0.3333333333333333,-0.3333333333333333,0,2,1,1,0,judge_instability
PRISM_BPO_vs_BPO_llama_self_deepseek,,user_oriented_task_240,0.0,-1.0,0,0,3,0,1,majority_loss
PRISM_BPO_vs_BPO_llama_self_deepseek,,user_oriented_task_241,0.0,-1.0,0,0,3,0,1,majority_loss
PRISM_BPO_vs_BPO_llama_self_deepseek,,user_oriented_task_25,0.8333333333333334,0.6666666666666666,2,1,0,1,0,judge_instability
PRISM_BPO_vs_BPO_llama_self_deepseek,,user_oriented_task_251,0.0,-1.0,0,0,3,0,1,majority_loss
PRISM_BPO_vs_BPO_llama_self_deepseek,,user_oriented_task_27,0.0,-1.0,0,0,3,0,1,majority_loss
PRISM_BPO_vs_BPO_llama_self_deepseek,,user_oriented_task_28,0.0,-1.0,0,0,3,0,1,majority_loss
PRISM_BPO_vs_BPO_llama_self_deepseek,,user_oriented_task_29,0.8333333333333334,0.6666666666666666,2,1,0,1,0,judge_instability
PRISM_BPO_vs_BPO_llama_self_deepseek,,user_oriented_task_30,0.0,-1.0,0,0,3,0,1,majority_loss
PRISM_BPO_vs_BPO_llama_self_deepseek,,user_oriented_task_31,0.0,-1.0,0,0,3,0,1,majority_loss
PRISM_BPO_vs_BPO_llama_self_deepseek,,user_oriented_task_37,0.0,-1.0,0,0,3,0,1,majority_loss
PRISM_BPO_vs_BPO_llama_self_deepseek,,user_oriented_task_39,0.0,-1.0,0,0,3,0,1,majority_loss
PRISM_BPO_vs_BPO_llama_self_deepseek,,user_oriented_task_40,0.0,-1.0,0,0,3,0,1,majority_loss
PRISM_BPO_vs_BPO_llama_self_deepseek,,user_oriented_task_43,0.0,-1.0,0,0,3,0,1,majority_loss
PRISM_BPO_vs_BPO_llama_self_deepseek,,user_oriented_task_45,0.0,-1.0,0,0,3,0,1,majority_loss
PRISM_BPO_vs_BPO_llama_self_deepseek,,user_oriented_task_48,0.0,-1.0,0,0,3,0,1,majority_loss
PRISM_BPO_vs_BPO_llama_self_deepseek,,user_oriented_task_51,0.0,-1.0,0,0,3,0,1,majority_loss
PRISM_BPO_vs_BPO_llama_self_deepseek,,user_oriented_task_53,0.0,-1.0,0,0,3,0,1,majority_loss
PRISM_BPO_vs_BPO_llama_self_deepseek,,user_oriented_task_55,0.16666666666666666,-0.6666666666666666,0,1,2,1,1,"majority_loss,judge_instability"
PRISM_BPO_vs_BPO_llama_self_deepseek,,user_oriented_task_56,0.6666666666666666,0.3333333333333333,1,2,0,1,0,judge_instability
PRISM_BPO_vs_BPO_llama_self_deepseek,,user_oriented_task_58,0.8333333333333334,0.6666666666666666,2,1,0,1,0,judge_instability
PRISM_BPO_vs_BPO_llama_self_deepseek,,user_oriented_task_59,0.0,-1.0,0,0,3,0,1,majority_loss
PRISM_BPO_vs_BPO_llama_self_deepseek,,user_oriented_task_67,0.0,-1.0,0,0,3,0,1,majority_loss
PRISM_BPO_vs_BPO_llama_self_deepseek,,user_oriented_task_68,0.0,-1.0,0,0,3,0,1,majority_loss
PRISM_BPO_vs_BPO_llama_self_deepseek,,user_oriented_task_7,0.0,-1.0,0,0,3,0,1,majority_loss
PRISM_BPO_vs_BPO_llama_self_deepseek,,user_oriented_task_71,0.6666666666666666,0.3333333333333333,2,0,1,1,0,judge_instability
PRISM_BPO_vs_BPO_llama_self_deepseek,,user_oriented_task_74,0.0,-1.0,0,0,3,0,1,majority_loss
PRISM_BPO_vs_BPO_llama_self_deepseek,,user_oriented_task_75,0.0,-1.0,0,0,3,0,1,majority_loss
PRISM_BPO_vs_BPO_llama_self_deepseek,,user_oriented_task_79,0.0,-1.0,0,0,3,0,1,majority_loss
PRISM_BPO_vs_BPO_llama_self_deepseek,,user_oriented_task_8,0.0,-1.0,0,0,3,0,1,majority_loss
PRISM_BPO_vs_BPO_llama_self_deepseek,,user_oriented_task_84,0.3333333333333333,-0.3333333333333333,0,2,1,1,0,judge_instability
PRISM_BPO_vs_BPO_llama_self_deepseek,,user_oriented_task_87,0.8333333333333334,0.6666666666666666,2,1,0,1,0,judge_instability
PRISM_BPO_vs_BPO_llama_self_deepseek,,user_oriented_task_89,0.0,-1.0,0,0,3,0,1,majority_loss
PRISM_BPO_vs_BPO_llama_self_deepseek,,user_oriented_task_9,0.0,-1.0,0,0,3,0,1,majority_loss
PRISM_BPO_vs_BPO_llama_self_deepseek,,user_oriented_task_96,0.16666666666666666,-0.6666666666666666,0,1,2,1,1,"majority_loss,judge_instability"
PRISM_BPO_vs_BPO_llama_vicuna_deepseek,,13,0.0,-1.0,0,0,3,0,1,majority_loss
PRISM_BPO_vs_BPO_llama_vicuna_deepseek,,14,0.0,-1.0,0,0,3,0,1,majority_loss
PRISM_BPO_vs_BPO_llama_vicuna_deepseek,,15,0.0,-1.0,0,0,3,0,1,majority_loss
PRISM_BPO_vs_BPO_llama_vicuna_deepseek,,16,0.8333333333333334,0.6666666666666666,2,1,0,1,0,judge_instability
PRISM_BPO_vs_BPO_llama_vicuna_deepseek,,17,0.0,-1.0,0,0,3,0,1,majority_loss
PRISM_BPO_vs_BPO_llama_vicuna_deepseek,,21,0.0,-1.0,0,0,3,0,1,majority_loss
PRISM_BPO_vs_BPO_llama_vicuna_deepseek,,23,0.0,-1.0,0,0,3,0,1,majority_loss
PRISM_BPO_vs_BPO_llama_vicuna_deepseek,,26,0.0,-1.0,0,0,3,0,1,majority_loss
PRISM_BPO_vs_BPO_llama_vicuna_deepseek,,27,0.0,-1.0,0,0,3,0,1,majority_loss
PRISM_BPO_vs_BPO_llama_vicuna_deepseek,,30,0.0,-1.0,0,0,3,0,1,majority_loss
PRISM_BPO_vs_BPO_llama_vicuna_deepseek,,38,0.3333333333333333,-0.3333333333333333,0,2,1,1,0,judge_instability
PRISM_BPO_vs_BPO_llama_vicuna_deepseek,,39,0.6666666666666666,0.3333333333333333,2,0,1,1,0,judge_instability
PRISM_BPO_vs_BPO_llama_vicuna_deepseek,,40,0.0,-1.0,0,0,3,0,1,majority_loss
PRISM_BPO_vs_BPO_llama_vicuna_deepseek,,41,0.6666666666666666,0.3333333333333333,1,2,0,1,0,judge_instability
PRISM_BPO_vs_BPO_llama_vicuna_deepseek,,42,0.0,-1.0,0,0,3,0,1,majority_loss
PRISM_BPO_vs_BPO_llama_vicuna_deepseek,,44,0.0,-1.0,0,0,3,0,1,majority_loss
PRISM_BPO_vs_BPO_llama_vicuna_deepseek,,46,0.0,-1.0,0,0,3,0,1,majority_loss
PRISM_BPO_vs_BPO_llama_vicuna_deepseek,,47,0.0,-1.0,0,0,3,0,1,majority_loss
PRISM_BPO_vs_BPO_llama_vicuna_deepseek,,48,0.0,-1.0,0,0,3,0,1,majority_loss
PRISM_BPO_vs_BPO_llama_vicuna_deepseek,,49,0.0,-1.0,0,0,3,0,1,majority_loss
PRISM_BPO_vs_BPO_llama_vicuna_deepseek,,50,0.0,-1.0,0,0,3,0,1,majority_loss
PRISM_BPO_vs_BPO_llama_vicuna_deepseek,,54,0.6666666666666666,0.3333333333333333,1,2,0,1,0,judge_instability
PRISM_BPO_vs_BPO_llama_vicuna_deepseek,,56,0.0,-1.0,0,0,3,0,1,majority_loss
PRISM_BPO_vs_BPO_llama_vicuna_deepseek,,62,0.0,-1.0,0,0,3,0,1,majority_loss
PRISM_BPO_vs_BPO_llama_vicuna_deepseek,,63,0.0,-1.0,0,0,3,0,1,majority_loss
PRISM_BPO_vs_BPO_llama_vicuna_deepseek,,64,0.0,-1.0,0,0,3,0,1,majority_loss
PRISM_BPO_vs_BPO_llama_vicuna_deepseek,,65,0.0,-1.0,0,0,3,0,1,majority_loss
PRISM_BPO_vs_BPO_llama_vicuna_deepseek,,67,0.0,-1.0,0,0,3,0,1,majority_loss
PRISM_BPO_vs_BPO_llama_vicuna_deepseek,,7,0.16666666666666666,-0.6666666666666666,0,1,2,1,1,"majority_loss,judge_instability"
PRISM_BPO_vs_BPO_llama_vicuna_deepseek,,74,0.0,-1.0,0,0,3,0,1,majority_loss
PRISM_BPO_vs_BPO_vicuna_bpo_deepseek,,10,0.5,0.0,1,1,1,1,0,judge_instability
PRISM_BPO_vs_BPO_vicuna_bpo_deepseek,,100,0.0,-1.0,0,0,3,0,1,majority_loss
PRISM_BPO_vs_BPO_vicuna_bpo_deepseek,,101,0.0,-1.0,0,0,3,0,1,majority_loss
PRISM_BPO_vs_BPO_vicuna_bpo_deepseek,,104,0.5,0.0,1,1,1,1,0,judge_instability
PRISM_BPO_vs_BPO_vicuna_bpo_deepseek,,105,0.0,-1.0,0,0,3,0,1,majority_loss
PRISM_BPO_vs_BPO_vicuna_bpo_deepseek,,106,0.0,-1.0,0,0,3,0,1,majority_loss
PRISM_BPO_vs_BPO_vicuna_bpo_deepseek,,107,0.0,-1.0,0,0,3,0,1,majority_loss
PRISM_BPO_vs_BPO_vicuna_bpo_deepseek,,110,0.0,-1.0,0,0,3,0,1,majority_loss
PRISM_BPO_vs_BPO_vicuna_bpo_deepseek,,111,0.0,-1.0,0,0,3,0,1,majority_loss
PRISM_BPO_vs_BPO_vicuna_bpo_deepseek,,113,0.0,-1.0,0,0,3,0,1,majority_loss
PRISM_BPO_vs_BPO_vicuna_bpo_deepseek,,118,0.3333333333333333,-0.3333333333333333,1,0,2,1,1,"majority_loss,judge_instability"
PRISM_BPO_vs_BPO_vicuna_bpo_deepseek,,119,0.6666666666666666,0.3333333333333333,2,0,1,1,0,judge_instability
PRISM_BPO_vs_BPO_vicuna_bpo_deepseek,,120,0.3333333333333333,-0.3333333333333333,0,2,1,1,0,judge_instability
PRISM_BPO_vs_BPO_vicuna_bpo_deepseek,,127,0.0,-1.0,0,0,3,0,1,majority_loss
PRISM_BPO_vs_BPO_vicuna_bpo_deepseek,,133,0.3333333333333333,-0.3333333333333333,0,2,1,1,0,judge_instability
PRISM_BPO_vs_BPO_vicuna_bpo_deepseek,,138,0.0,-1.0,0,0,3,0,1,majority_loss
PRISM_BPO_vs_BPO_vicuna_bpo_deepseek,,142,0.0,-1.0,0,0,3,0,1,majority_loss
PRISM_BPO_vs_BPO_vicuna_bpo_deepseek,,149,0.0,-1.0,0,0,3,0,1,majority_loss
PRISM_BPO_vs_BPO_vicuna_bpo_deepseek,,150,0.6666666666666666,0.3333333333333333,2,0,1,1,0,judge_instability
PRISM_BPO_vs_BPO_vicuna_bpo_deepseek,,152,0.0,-1.0,0,0,3,0,1,majority_loss
PRISM_BPO_vs_BPO_vicuna_bpo_deepseek,,153,0.0,-1.0,0,0,3,0,1,majority_loss
PRISM_BPO_vs_BPO_vicuna_bpo_deepseek,,156,0.3333333333333333,-0.3333333333333333,0,2,1,1,0,judge_instability
PRISM_BPO_vs_BPO_vicuna_bpo_deepseek,,157,0.0,-1.0,0,0,3,0,1,majority_loss
PRISM_BPO_vs_BPO_vicuna_bpo_deepseek,,16,0.0,-1.0,0,0,3,0,1,majority_loss
PRISM_BPO_vs_BPO_vicuna_bpo_deepseek,,160,0.0,-1.0,0,0,3,0,1,majority_loss
PRISM_BPO_vs_BPO_vicuna_bpo_deepseek,,164,0.16666666666666666,-0.6666666666666666,0,1,2,1,1,"majority_loss,judge_instability"
PRISM_BPO_vs_BPO_vicuna_bpo_deepseek,,169,0.0,-1.0,0,0,3,0,1,majority_loss
PRISM_BPO_vs_BPO_vicuna_bpo_deepseek,,17,0.0,-1.0,0,0,3,0,1,majority_loss
PRISM_BPO_vs_BPO_vicuna_bpo_deepseek,,170,0.0,-1.0,0,0,3,0,1,majority_loss
PRISM_BPO_vs_BPO_vicuna_bpo_deepseek,,172,0.0,-1.0,0,0,3,0,1,majority_loss
PRISM_BPO_vs_BPO_vicuna_bpo_deepseek,,174,0.0,-1.0,0,0,3,0,1,majority_loss
PRISM_BPO_vs_BPO_vicuna_bpo_deepseek,,175,0.6666666666666666,0.3333333333333333,2,0,1,1,0,judge_instability
PRISM_BPO_vs_BPO_vicuna_bpo_deepseek,,177,0.0,-1.0,0,0,3,0,1,majority_loss
PRISM_BPO_vs_BPO_vicuna_bpo_deepseek,,18,0.0,-1.0,0,0,3,0,1,majority_loss
PRISM_BPO_vs_BPO_vicuna_bpo_deepseek,,180,0.0,-1.0,0,0,3,0,1,majority_loss
PRISM_BPO_vs_BPO_vicuna_bpo_deepseek,,181,0.0,-1.0,0,0,3,0,1,majority_loss
PRISM_BPO_vs_BPO_vicuna_bpo_deepseek,,188,0.0,-1.0,0,0,3,0,1,majority_loss
PRISM_BPO_vs_BPO_vicuna_bpo_deepseek,,189,0.16666666666666666,-0.6666666666666666,0,1,2,1,1,"majority_loss,judge_instability"
PRISM_BPO_vs_BPO_vicuna_bpo_deepseek,,19,0.0,-1.0,0,0,3,0,1,majority_loss
PRISM_BPO_vs_BPO_vicuna_bpo_deepseek,,191,0.0,-1.0,0,0,3,0,1,majority_loss
PRISM_BPO_vs_BPO_vicuna_bpo_deepseek,,196,0.0,-1.0,0,0,3,0,1,majority_loss
PRISM_BPO_vs_BPO_vicuna_bpo_deepseek,,197,0.0,-1.0,0,0,3,0,1,majority_loss
PRISM_BPO_vs_BPO_vicuna_bpo_deepseek,,200,0.0,-1.0,0,0,3,0,1,majority_loss
PRISM_BPO_vs_BPO_vicuna_bpo_deepseek,,22,0.0,-1.0,0,0,3,0,1,majority_loss
PRISM_BPO_vs_BPO_vicuna_bpo_deepseek,,24,0.0,-1.0,0,0,3,0,1,majority_loss
PRISM_BPO_vs_BPO_vicuna_bpo_deepseek,,25,0.3333333333333333,-0.3333333333333333,0,2,1,1,0,judge_instability
PRISM_BPO_vs_BPO_vicuna_bpo_deepseek,,28,0.0,-1.0,0,0,3,0,1,majority_loss
PRISM_BPO_vs_BPO_vicuna_bpo_deepseek,,36,0.0,-1.0,0,0,3,0,1,majority_loss
PRISM_BPO_vs_BPO_vicuna_bpo_deepseek,,37,0.0,-1.0,0,0,3,0,1,majority_loss
PRISM_BPO_vs_BPO_vicuna_bpo_deepseek,,38,0.0,-1.0,0,0,3,0,1,majority_loss
PRISM_BPO_vs_BPO_vicuna_bpo_deepseek,,39,0.8333333333333334,0.6666666666666666,2,1,0,1,0,judge_instability
PRISM_BPO_vs_BPO_vicuna_bpo_deepseek,,41,0.0,-1.0,0,0,3,0,1,majority_loss
PRISM_BPO_vs_BPO_vicuna_bpo_deepseek,,42,0.0,-1.0,0,0,3,0,1,majority_loss
PRISM_BPO_vs_BPO_vicuna_bpo_deepseek,,45,0.0,-1.0,0,0,3,0,1,majority_loss
PRISM_BPO_vs_BPO_vicuna_bpo_deepseek,,46,0.0,-1.0,0,0,3,0,1,majority_loss
PRISM_BPO_vs_BPO_vicuna_bpo_deepseek,,47,0.0,-1.0,0,0,3,0,1,majority_loss
PRISM_BPO_vs_BPO_vicuna_bpo_deepseek,,48,0.0,-1.0,0,0,3,0,1,majority_loss
PRISM_BPO_vs_BPO_vicuna_bpo_deepseek,,53,0.0,-1.0,0,0,3,0,1,majority_loss
PRISM_BPO_vs_BPO_vicuna_bpo_deepseek,,57,0.0,-1.0,0,0,3,0,1,majority_loss
PRISM_BPO_vs_BPO_vicuna_bpo_deepseek,,58,0.6666666666666666,0.3333333333333333,1,2,0,1,0,judge_instability
PRISM_BPO_vs_BPO_vicuna_bpo_deepseek,,59,0.5,0.0,1,1,1,1,0,judge_instability
PRISM_BPO_vs_BPO_vicuna_bpo_deepseek,,61,0.0,-1.0,0,0,3,0,1,majority_loss
PRISM_BPO_vs_BPO_vicuna_bpo_deepseek,,62,0.0,-1.0,0,0,3,0,1,majority_loss
PRISM_BPO_vs_BPO_vicuna_bpo_deepseek,,63,0.0,-1.0,0,0,3,0,1,majority_loss
PRISM_BPO_vs_BPO_vicuna_bpo_deepseek,,67,0.8333333333333334,0.6666666666666666,2,1,0,1,0,judge_instability
PRISM_BPO_vs_BPO_vicuna_bpo_deepseek,,7,0.0,-1.0,0,0,3,0,1,majority_loss
PRISM_BPO_vs_BPO_vicuna_bpo_deepseek,,74,0.0,-1.0,0,0,3,0,1,majority_loss
PRISM_BPO_vs_BPO_vicuna_bpo_deepseek,,75,0.0,-1.0,0,0,3,0,1,majority_loss
PRISM_BPO_vs_BPO_vicuna_bpo_deepseek,,76,0.8333333333333334,0.6666666666666666,2,1,0,1,0,judge_instability
PRISM_BPO_vs_BPO_vicuna_bpo_deepseek,,78,0.0,-1.0,0,0,3,0,1,majority_loss
PRISM_BPO_vs_BPO_vicuna_bpo_deepseek,,80,0.0,-1.0,0,0,3,0,1,majority_loss
PRISM_BPO_vs_BPO_vicuna_bpo_deepseek,,83,0.8333333333333334,0.6666666666666666,2,1,0,1,0,judge_instability
PRISM_BPO_vs_BPO_vicuna_bpo_deepseek,,9,0.0,-1.0,0,0,3,0,1,majority_loss
PRISM_BPO_vs_BPO_vicuna_bpo_deepseek,,91,0.0,-1.0,0,0,3,0,1,majority_loss
PRISM_BPO_vs_BPO_vicuna_bpo_deepseek,,95,0.0,-1.0,0,0,3,0,1,majority_loss
PRISM_BPO_vs_BPO_vicuna_bpo_deepseek,,98,0.0,-1.0,0,0,3,0,1,majority_loss
PRISM_BPO_vs_BPO_vicuna_dolly_deepseek,,10,0.0,-1.0,0,0,3,0,1,majority_loss
PRISM_BPO_vs_BPO_vicuna_dolly_deepseek,,102,0.0,-1.0,0,0,3,0,1,majority_loss
PRISM_BPO_vs_BPO_vicuna_dolly_deepseek,,103,0.0,-1.0,0,0,3,0,1,majority_loss
PRISM_BPO_vs_BPO_vicuna_dolly_deepseek,,104,0.3333333333333333,-0.3333333333333333,0,2,1,1,0,judge_instability
PRISM_BPO_vs_BPO_vicuna_dolly_deepseek,,105,0.0,-1.0,0,0,3,0,1,majority_loss
PRISM_BPO_vs_BPO_vicuna_dolly_deepseek,,106,0.0,-1.0,0,0,3,0,1,majority_loss
PRISM_BPO_vs_BPO_vicuna_dolly_deepseek,,108,0.0,-1.0,0,0,3,0,1,majority_loss
PRISM_BPO_vs_BPO_vicuna_dolly_deepseek,,114,0.0,-1.0,0,0,3,0,1,majority_loss
PRISM_BPO_vs_BPO_vicuna_dolly_deepseek,,118,0.3333333333333333,-0.3333333333333333,0,2,1,1,0,judge_instability
PRISM_BPO_vs_BPO_vicuna_dolly_deepseek,,120,0.0,-1.0,0,0,3,0,1,majority_loss
PRISM_BPO_vs_BPO_vicuna_dolly_deepseek,,121,0.8333333333333334,0.6666666666666666,2,1,0,1,0,judge_instability
PRISM_BPO_vs_BPO_vicuna_dolly_deepseek,,122,0.16666666666666666,-0.6666666666666666,0,1,2,1,1,"majority_loss,judge_instability"
PRISM_BPO_vs_BPO_vicuna_dolly_deepseek,,123,0.0,-1.0,0,0,3,0,1,majority_loss
PRISM_BPO_vs_BPO_vicuna_dolly_deepseek,,125,0.3333333333333333,-0.3333333333333333,0,2,1,1,0,judge_instability
PRISM_BPO_vs_BPO_vicuna_dolly_deepseek,,126,0.3333333333333333,-0.3333333333333333,0,2,1,1,0,judge_instability
PRISM_BPO_vs_BPO_vicuna_dolly_deepseek,,130,0.0,-1.0,0,0,3,0,1,majority_loss
PRISM_BPO_vs_BPO_vicuna_dolly_deepseek,,136,0.0,-1.0,0,0,3,0,1,majority_loss
PRISM_BPO_vs_BPO_vicuna_dolly_deepseek,,14,0.16666666666666666,-0.6666666666666666,0,1,2,1,1,"majority_loss,judge_instability"
PRISM_BPO_vs_BPO_vicuna_dolly_deepseek,,144,0.0,-1.0,0,0,3,0,1,majority_loss
PRISM_BPO_vs_BPO_vicuna_dolly_deepseek,,146,0.0,-1.0,0,0,3,0,1,majority_loss
PRISM_BPO_vs_BPO_vicuna_dolly_deepseek,,148,0.6666666666666666,0.3333333333333333,1,2,0,1,0,judge_instability
PRISM_BPO_vs_BPO_vicuna_dolly_deepseek,,151,0.0,-1.0,0,0,3,0,1,majority_loss
PRISM_BPO_vs_BPO_vicuna_dolly_deepseek,,156,0.0,-1.0,0,0,3,0,1,majority_loss
PRISM_BPO_vs_BPO_vicuna_dolly_deepseek,,164,0.6666666666666666,0.3333333333333333,2,0,1,1,0,judge_instability
PRISM_BPO_vs_BPO_vicuna_dolly_deepseek,,165,0.0,-1.0,0,0,3,0,1,majority_loss
PRISM_BPO_vs_BPO_vicuna_dolly_deepseek,,172,0.0,-1.0,0,0,3,0,1,majority_loss
PRISM_BPO_vs_BPO_vicuna_dolly_deepseek,,173,0.0,-1.0,0,0,3,0,1,majority_loss
PRISM_BPO_vs_BPO_vicuna_dolly_deepseek,,180,0.0,-1.0,0,0,3,0,1,majority_loss
PRISM_BPO_vs_BPO_vicuna_dolly_deepseek,,183,0.16666666666666666,-0.6666666666666666,0,1,2,1,1,"majority_loss,judge_instability"
PRISM_BPO_vs_BPO_vicuna_dolly_deepseek,,190,0.0,-1.0,0,0,3,0,1,majority_loss
PRISM_BPO_vs_BPO_vicuna_dolly_deepseek,,193,0.0,-1.0,0,0,3,0,1,majority_loss
PRISM_BPO_vs_BPO_vicuna_dolly_deepseek,,194,0.5,0.0,1,1,1,1,0,judge_instability
PRISM_BPO_vs_BPO_vicuna_dolly_deepseek,,195,0.6666666666666666,0.3333333333333333,2,0,1,1,0,judge_instability
PRISM_BPO_vs_BPO_vicuna_dolly_deepseek,,197,0.0,-1.0,0,0,3,0,1,majority_loss
PRISM_BPO_vs_BPO_vicuna_dolly_deepseek,,25,0.0,-1.0,0,0,3,0,1,majority_loss
PRISM_BPO_vs_BPO_vicuna_dolly_deepseek,,26,0.0,-1.0,0,0,3,0,1,majority_loss
PRISM_BPO_vs_BPO_vicuna_dolly_deepseek,,33,0.0,-1.0,0,0,3,0,1,majority_loss
PRISM_BPO_vs_BPO_vicuna_dolly_deepseek,,4,0.6666666666666666,0.3333333333333333,1,2,0,1,0,judge_instability
PRISM_BPO_vs_BPO_vicuna_dolly_deepseek,,41,0.0,-1.0,0,0,3,0,1,majority_loss
PRISM_BPO_vs_BPO_vicuna_dolly_deepseek,,49,0.0,-1.0,0,0,3,0,1,majority_loss
PRISM_BPO_vs_BPO_vicuna_dolly_deepseek,,52,0.0,-1.0,0,0,3,0,1,majority_loss
PRISM_BPO_vs_BPO_vicuna_dolly_deepseek,,53,0.3333333333333333,-0.3333333333333333,0,2,1,1,0,judge_instability
PRISM_BPO_vs_BPO_vicuna_dolly_deepseek,,55,0.0,-1.0,0,0,3,0,1,majority_loss
PRISM_BPO_vs_BPO_vicuna_dolly_deepseek,,59,0.0,-1.0,0,0,3,0,1,majority_loss
PRISM_BPO_vs_BPO_vicuna_dolly_deepseek,,61,0.0,-1.0,0,0,3,0,1,majority_loss
PRISM_BPO_vs_BPO_vicuna_dolly_deepseek,,62,0.0,-1.0,0,0,3,0,1,majority_loss
PRISM_BPO_vs_BPO_vicuna_dolly_deepseek,,64,0.16666666666666666,-0.6666666666666666,0,1,2,1,1,"majority_loss,judge_instability"
PRISM_BPO_vs_BPO_vicuna_dolly_deepseek,,65,0.0,-1.0,0,0,3,0,1,majority_loss
PRISM_BPO_vs_BPO_vicuna_dolly_deepseek,,69,0.8333333333333334,0.6666666666666666,2,1,0,1,0,judge_instability
PRISM_BPO_vs_BPO_vicuna_dolly_deepseek,,70,0.8333333333333334,0.6666666666666666,2,1,0,1,0,judge_instability
PRISM_BPO_vs_BPO_vicuna_dolly_deepseek,,71,0.3333333333333333,-0.3333333333333333,0,2,1,1,0,judge_instability
PRISM_BPO_vs_BPO_vicuna_dolly_deepseek,,77,0.6666666666666666,0.3333333333333333,2,0,1,1,0,judge_instability
PRISM_BPO_vs_BPO_vicuna_dolly_deepseek,,80,0.0,-1.0,0,0,3,0,1,majority_loss
PRISM_BPO_vs_BPO_vicuna_dolly_deepseek,,81,0.16666666666666666,-0.6666666666666666,0,1,2,1,1,"majority_loss,judge_instability"
PRISM_BPO_vs_BPO_vicuna_dolly_deepseek,,92,0.8333333333333334,0.6666666666666666,2,1,0,1,0,judge_instability
PRISM_BPO_vs_BPO_vicuna_self_deepseek,,user_oriented_task_1,0.0,-1.0,0,0,3,0,1,majority_loss
PRISM_BPO_vs_BPO_vicuna_self_deepseek,,user_oriented_task_10,0.3333333333333333,-0.3333333333333333,0,2,1,1,0,judge_instability
PRISM_BPO_vs_BPO_vicuna_self_deepseek,,user_oriented_task_100,0.0,-1.0,0,0,3,0,1,majority_loss
PRISM_BPO_vs_BPO_vicuna_self_deepseek,,user_oriented_task_101,0.0,-1.0,0,0,3,0,1,majority_loss
PRISM_BPO_vs_BPO_vicuna_self_deepseek,,user_oriented_task_102,0.0,-1.0,0,0,3,0,1,majority_loss
PRISM_BPO_vs_BPO_vicuna_self_deepseek,,user_oriented_task_103,0.0,-1.0,0,0,3,0,1,majority_loss
PRISM_BPO_vs_BPO_vicuna_self_deepseek,,user_oriented_task_106,0.16666666666666666,-0.6666666666666666,0,1,2,1,1,"majority_loss,judge_instability"
PRISM_BPO_vs_BPO_vicuna_self_deepseek,,user_oriented_task_107,0.0,-1.0,0,0,3,0,1,majority_loss
PRISM_BPO_vs_BPO_vicuna_self_deepseek,,user_oriented_task_112,0.3333333333333333,-0.3333333333333333,0,2,1,1,0,judge_instability
PRISM_BPO_vs_BPO_vicuna_self_deepseek,,user_oriented_task_115,0.8333333333333334,0.6666666666666666,2,1,0,1,0,judge_instability
PRISM_BPO_vs_BPO_vicuna_self_deepseek,,user_oriented_task_121,0.0,-1.0,0,0,3,0,1,majority_loss
PRISM_BPO_vs_BPO_vicuna_self_deepseek,,user_oriented_task_125,0.16666666666666666,-0.6666666666666666,0,1,2,1,1,"majority_loss,judge_instability"
PRISM_BPO_vs_BPO_vicuna_self_deepseek,,user_oriented_task_126,0.16666666666666666,-0.6666666666666666,0,1,2,1,1,"majority_loss,judge_instability"
PRISM_BPO_vs_BPO_vicuna_self_deepseek,,user_oriented_task_127,0.8333333333333334,0.6666666666666666,2,1,0,1,0,judge_instability
PRISM_BPO_vs_BPO_vicuna_self_deepseek,,user_oriented_task_130,0.0,-1.0,0,0,3,0,1,majority_loss
PRISM_BPO_vs_BPO_vicuna_self_deepseek,,user_oriented_task_133,0.16666666666666666,-0.6666666666666666,0,1,2,1,1,"majority_loss,judge_instability"
PRISM_BPO_vs_BPO_vicuna_self_deepseek,,user_oriented_task_135,0.0,-1.0,0,0,3,0,1,majority_loss
PRISM_BPO_vs_BPO_vicuna_self_deepseek,,user_oriented_task_136,0.0,-1.0,0,0,3,0,1,majority_loss
PRISM_BPO_vs_BPO_vicuna_self_deepseek,,user_oriented_task_140,0.0,-1.0,0,0,3,0,1,majority_loss
PRISM_BPO_vs_BPO_vicuna_self_deepseek,,user_oriented_task_149,0.0,-1.0,0,0,3,0,1,majority_loss
PRISM_BPO_vs_BPO_vicuna_self_deepseek,,user_oriented_task_151,0.0,-1.0,0,0,3,0,1,majority_loss
PRISM_BPO_vs_BPO_vicuna_self_deepseek,,user_oriented_task_155,0.16666666666666666,-0.6666666666666666,0,1,2,1,1,"majority_loss,judge_instability"
PRISM_BPO_vs_BPO_vicuna_self_deepseek,,user_oriented_task_159,0.0,-1.0,0,0,3,0,1,majority_loss
PRISM_BPO_vs_BPO_vicuna_self_deepseek,,user_oriented_task_16,0.6666666666666666,0.3333333333333333,1,2,0,1,0,judge_instability
PRISM_BPO_vs_BPO_vicuna_self_deepseek,,user_oriented_task_160,0.3333333333333333,-0.3333333333333333,1,0,2,1,1,"majority_loss,judge_instability"
PRISM_BPO_vs_BPO_vicuna_self_deepseek,,user_oriented_task_161,0.16666666666666666,-0.6666666666666666,0,1,2,1,1,"majority_loss,judge_instability"
PRISM_BPO_vs_BPO_vicuna_self_deepseek,,user_oriented_task_162,0.8333333333333334,0.6666666666666666,2,1,0,1,0,judge_instability
PRISM_BPO_vs_BPO_vicuna_self_deepseek,,user_oriented_task_164,0.0,-1.0,0,0,3,0,1,majority_loss
PRISM_BPO_vs_BPO_vicuna_self_deepseek,,user_oriented_task_166,0.0,-1.0,0,0,3,0,1,majority_loss
PRISM_BPO_vs_BPO_vicuna_self_deepseek,,user_oriented_task_170,0.8333333333333334,0.6666666666666666,2,1,0,1,0,judge_instability
PRISM_BPO_vs_BPO_vicuna_self_deepseek,,user_oriented_task_180,0.0,-1.0,0,0,3,0,1,majority_loss
PRISM_BPO_vs_BPO_vicuna_self_deepseek,,user_oriented_task_181,0.3333333333333333,-0.3333333333333333,0,2,1,1,0,judge_instability
PRISM_BPO_vs_BPO_vicuna_self_deepseek,,user_oriented_task_182,0.16666666666666666,-0.6666666666666666,0,1,2,1,1,"majority_loss,judge_instability"
PRISM_BPO_vs_BPO_vicuna_self_deepseek,,user_oriented_task_184,0.0,-1.0,0,0,3,0,1,majority_loss
PRISM_BPO_vs_BPO_vicuna_self_deepseek,,user_oriented_task_187,0.0,-1.0,0,0,3,0,1,majority_loss
PRISM_BPO_vs_BPO_vicuna_self_deepseek,,user_oriented_task_191,0.0,-1.0,0,0,3,0,1,majority_loss
PRISM_BPO_vs_BPO_vicuna_self_deepseek,,user_oriented_task_198,0.0,-1.0,0,0,3,0,1,majority_loss
PRISM_BPO_vs_BPO_vicuna_self_deepseek,,user_oriented_task_199,0.0,-1.0,0,0,3,0,1,majority_loss
PRISM_BPO_vs_BPO_vicuna_self_deepseek,,user_oriented_task_202,0.3333333333333333,-0.3333333333333333,0,2,1,1,0,judge_instability
PRISM_BPO_vs_BPO_vicuna_self_deepseek,,user_oriented_task_204,0.0,-1.0,0,0,3,0,1,majority_loss
PRISM_BPO_vs_BPO_vicuna_self_deepseek,,user_oriented_task_206,0.0,-1.0,0,0,3,0,1,majority_loss
PRISM_BPO_vs_BPO_vicuna_self_deepseek,,user_oriented_task_208,0.6666666666666666,0.3333333333333333,1,2,0,1,0,judge_instability
PRISM_BPO_vs_BPO_vicuna_self_deepseek,,user_oriented_task_209,0.0,-1.0,0,0,3,0,1,majority_loss
PRISM_BPO_vs_BPO_vicuna_self_deepseek,,user_oriented_task_21,0.0,-1.0,0,0,3,0,1,majority_loss
PRISM_BPO_vs_BPO_vicuna_self_deepseek,,user_oriented_task_210,0.0,-1.0,0,0,3,0,1,majority_loss
PRISM_BPO_vs_BPO_vicuna_self_deepseek,,user_oriented_task_211,0.0,-1.0,0,0,3,0,1,majority_loss
PRISM_BPO_vs_BPO_vicuna_self_deepseek,,user_oriented_task_214,0.3333333333333333,-0.3333333333333333,0,2,1,1,0,judge_instability
PRISM_BPO_vs_BPO_vicuna_self_deepseek,,user_oriented_task_215,0.0,-1.0,0,0,3,0,1,majority_loss
PRISM_BPO_vs_BPO_vicuna_self_deepseek,,user_oriented_task_22,0.0,-1.0,0,0,3,0,1,majority_loss
PRISM_BPO_vs_BPO_vicuna_self_deepseek,,user_oriented_task_223,0.0,-1.0,0,0,3,0,1,majority_loss
PRISM_BPO_vs_BPO_vicuna_self_deepseek,,user_oriented_task_224,0.3333333333333333,-0.3333333333333333,0,2,1,1,0,judge_instability
PRISM_BPO_vs_BPO_vicuna_self_deepseek,,user_oriented_task_23,0.0,-1.0,0,0,3,0,1,majority_loss
PRISM_BPO_vs_BPO_vicuna_self_deepseek,,user_oriented_task_230,0.8333333333333334,0.6666666666666666,2,1,0,1,0,judge_instability
PRISM_BPO_vs_BPO_vicuna_self_deepseek,,user_oriented_task_234,0.6666666666666666,0.3333333333333333,1,2,0,1,0,judge_instability
PRISM_BPO_vs_BPO_vicuna_self_deepseek,,user_oriented_task_237,0.0,-1.0,0,0,3,0,1,majority_loss
PRISM_BPO_vs_BPO_vicuna_self_deepseek,,user_oriented_task_241,0.0,-1.0,0,0,3,0,1,majority_loss
PRISM_BPO_vs_BPO_vicuna_self_deepseek,,user_oriented_task_25,0.0,-1.0,0,0,3,0,1,majority_loss
PRISM_BPO_vs_BPO_vicuna_self_deepseek,,user_oriented_task_251,0.0,-1.0,0,0,3,0,1,majority_loss
PRISM_BPO_vs_BPO_vicuna_self_deepseek,,user_oriented_task_27,0.0,-1.0,0,0,3,0,1,majority_loss
PRISM_BPO_vs_BPO_vicuna_self_deepseek,,user_oriented_task_28,0.0,-1.0,0,0,3,0,1,majority_loss
PRISM_BPO_vs_BPO_vicuna_self_deepseek,,user_oriented_task_29,0.0,-1.0,0,0,3,0,1,majority_loss
PRISM_BPO_vs_BPO_vicuna_self_deepseek,,user_oriented_task_3,0.6666666666666666,0.3333333333333333,1,2,0,1,0,judge_instability
PRISM_BPO_vs_BPO_vicuna_self_deepseek,,user_oriented_task_34,0.0,-1.0,0,0,3,0,1,majority_loss
PRISM_BPO_vs_BPO_vicuna_self_deepseek,,user_oriented_task_38,0.16666666666666666,-0.6666666666666666,0,1,2,1,1,"majority_loss,judge_instability"
PRISM_BPO_vs_BPO_vicuna_self_deepseek,,user_oriented_task_39,0.0,-1.0,0,0,3,0,1,majority_loss
PRISM_BPO_vs_BPO_vicuna_self_deepseek,,user_oriented_task_41,0.0,-1.0,0,0,3,0,1,majority_loss
PRISM_BPO_vs_BPO_vicuna_self_deepseek,,user_oriented_task_43,0.0,-1.0,0,0,3,0,1,majority_loss
PRISM_BPO_vs_BPO_vicuna_self_deepseek,,user_oriented_task_45,0.0,-1.0,0,0,3,0,1,majority_loss
PRISM_BPO_vs_BPO_vicuna_self_deepseek,,user_oriented_task_46,0.0,-1.0,0,0,3,0,1,majority_loss
PRISM_BPO_vs_BPO_vicuna_self_deepseek,,user_oriented_task_47,0.0,-1.0,0,0,3,0,1,majority_loss
PRISM_BPO_vs_BPO_vicuna_self_deepseek,,user_oriented_task_49,0.0,-1.0,0,0,3,0,1,majority_loss
PRISM_BPO_vs_BPO_vicuna_self_deepseek,,user_oriented_task_52,0.0,-1.0,0,0,3,0,1,majority_loss
PRISM_BPO_vs_BPO_vicuna_self_deepseek,,user_oriented_task_53,0.0,-1.0,0,0,3,0,1,majority_loss
PRISM_BPO_vs_BPO_vicuna_self_deepseek,,user_oriented_task_58,0.6666666666666666,0.3333333333333333,1,2,0,1,0,judge_instability
PRISM_BPO_vs_BPO_vicuna_self_deepseek,,user_oriented_task_59,0.16666666666666666,-0.6666666666666666,0,1,2,1,1,"majority_loss,judge_instability"
PRISM_BPO_vs_BPO_vicuna_self_deepseek,,user_oriented_task_61,0.0,-1.0,0,0,3,0,1,majority_loss
PRISM_BPO_vs_BPO_vicuna_self_deepseek,,user_oriented_task_62,0.16666666666666666,-0.6666666666666666,0,1,2,1,1,"majority_loss,judge_instability"
PRISM_BPO_vs_BPO_vicuna_self_deepseek,,user_oriented_task_63,0.16666666666666666,-0.6666666666666666,0,1,2,1,1,"majority_loss,judge_instability"
PRISM_BPO_vs_BPO_vicuna_self_deepseek,,user_oriented_task_65,0.0,-1.0,0,0,3,0,1,majority_loss
PRISM_BPO_vs_BPO_vicuna_self_deepseek,,user_oriented_task_7,0.3333333333333333,-0.3333333333333333,0,2,1,1,0,judge_instability
PRISM_BPO_vs_BPO_vicuna_self_deepseek,,user_oriented_task_70,0.6666666666666666,0.3333333333333333,1,2,0,1,0,judge_instability
PRISM_BPO_vs_BPO_vicuna_self_deepseek,,user_oriented_task_71,0.0,-1.0,0,0,3,0,1,majority_loss
PRISM_BPO_vs_BPO_vicuna_self_deepseek,,user_oriented_task_72,0.0,-1.0,0,0,3,0,1,majority_loss
PRISM_BPO_vs_BPO_vicuna_self_deepseek,,user_oriented_task_73,0.16666666666666666,-0.6666666666666666,0,1,2,1,1,"majority_loss,judge_instability"
PRISM_BPO_vs_BPO_vicuna_self_deepseek,,user_oriented_task_74,0.0,-1.0,0,0,3,0,1,majority_loss
PRISM_BPO_vs_BPO_vicuna_self_deepseek,,user_oriented_task_76,0.0,-1.0,0,0,3,0,1,majority_loss
PRISM_BPO_vs_BPO_vicuna_self_deepseek,,user_oriented_task_77,0.0,-1.0,0,0,3,0,1,majority_loss
PRISM_BPO_vs_BPO_vicuna_self_deepseek,,user_oriented_task_81,0.3333333333333333,-0.3333333333333333,1,0,2,1,1,"majority_loss,judge_instability"
PRISM_BPO_vs_BPO_vicuna_self_deepseek,,user_oriented_task_82,0.0,-1.0,0,0,3,0,1,majority_loss
PRISM_BPO_vs_BPO_vicuna_self_deepseek,,user_oriented_task_84,0.0,-1.0,0,0,3,0,1,majority_loss
PRISM_BPO_vs_BPO_vicuna_self_deepseek,,user_oriented_task_85,0.0,-1.0,0,0,3,0,1,majority_loss
PRISM_BPO_vs_BPO_vicuna_self_deepseek,,user_oriented_task_86,0.0,-1.0,0,0,3,0,1,majority_loss
PRISM_BPO_vs_BPO_vicuna_self_deepseek,,user_oriented_task_87,0.0,-1.0,0,0,3,0,1,majority_loss
PRISM_BPO_vs_BPO_vicuna_self_deepseek,,user_oriented_task_90,0.0,-1.0,0,0,3,0,1,majority_loss
PRISM_BPO_vs_BPO_vicuna_self_deepseek,,user_oriented_task_92,0.0,-1.0,0,0,3,0,1,majority_loss
PRISM_BPO_vs_BPO_vicuna_self_deepseek,,user_oriented_task_94,0.0,-1.0,0,0,3,0,1,majority_loss
PRISM_BPO_vs_BPO_vicuna_self_deepseek,,user_oriented_task_98,0.0,-1.0,0,0,3,0,1,majority_loss
PRISM_BPO_vs_BPO_vicuna_self_deepseek,,user_oriented_task_99,0.0,-1.0,0,0,3,0,1,majority_loss
PRISM_BPO_vs_BPO_vicuna_vicuna_deepseek,,10,0.0,-1.0,0,0,3,0,1,majority_loss
PRISM_BPO_vs_BPO_vicuna_vicuna_deepseek,,21,0.0,-1.0,0,0,3,0,1,majority_loss
PRISM_BPO_vs_BPO_vicuna_vicuna_deepseek,,3,0.0,-1.0,0,0,3,0,1,majority_loss
PRISM_BPO_vs_BPO_vicuna_vicuna_deepseek,,30,0.0,-1.0,0,0,3,0,1,majority_loss
PRISM_BPO_vs_BPO_vicuna_vicuna_deepseek,,33,0.0,-1.0,0,0,3,0,1,majority_loss
PRISM_BPO_vs_BPO_vicuna_vicuna_deepseek,,34,0.16666666666666666,-0.6666666666666666,0,1,2,1,1,"majority_loss,judge_instability"
PRISM_BPO_vs_BPO_vicuna_vicuna_deepseek,,38,0.0,-1.0,0,0,3,0,1,majority_loss
PRISM_BPO_vs_BPO_vicuna_vicuna_deepseek,,39,0.0,-1.0,0,0,3,0,1,majority_loss
PRISM_BPO_vs_BPO_vicuna_vicuna_deepseek,,4,0.6666666666666666,0.3333333333333333,2,0,1,1,0,judge_instability
PRISM_BPO_vs_BPO_vicuna_vicuna_deepseek,,41,0.3333333333333333,-0.3333333333333333,1,0,2,1,1,"majority_loss,judge_instability"
PRISM_BPO_vs_BPO_vicuna_vicuna_deepseek,,43,0.0,-1.0,0,0,3,0,1,majority_loss
PRISM_BPO_vs_BPO_vicuna_vicuna_deepseek,,44,0.0,-1.0,0,0,3,0,1,majority_loss
PRISM_BPO_vs_BPO_vicuna_vicuna_deepseek,,45,0.6666666666666666,0.3333333333333333,1,2,0,1,0,judge_instability
PRISM_BPO_vs_BPO_vicuna_vicuna_deepseek,,46,0.0,-1.0,0,0,3,0,1,majority_loss
PRISM_BPO_vs_BPO_vicuna_vicuna_deepseek,,47,0.0,-1.0,0,0,3,0,1,majority_loss
PRISM_BPO_vs_BPO_vicuna_vicuna_deepseek,,48,0.16666666666666666,-0.6666666666666666,0,1,2,1,1,"majority_loss,judge_instability"
PRISM_BPO_vs_BPO_vicuna_vicuna_deepseek,,49,0.0,-1.0,0,0,3,0,1,majority_loss
PRISM_BPO_vs_BPO_vicuna_vicuna_deepseek,,50,0.5,0.0,1,1,1,1,0,judge_instability
PRISM_BPO_vs_BPO_vicuna_vicuna_deepseek,,54,0.0,-1.0,0,0,3,0,1,majority_loss
PRISM_BPO_vs_BPO_vicuna_vicuna_deepseek,,55,0.0,-1.0,0,0,3,0,1,majority_loss
PRISM_BPO_vs_BPO_vicuna_vicuna_deepseek,,56,0.0,-1.0,0,0,3,0,1,majority_loss
PRISM_BPO_vs_BPO_vicuna_vicuna_deepseek,,6,0.0,-1.0,0,0,3,0,1,majority_loss
PRISM_BPO_vs_BPO_vicuna_vicuna_deepseek,,63,0.6666666666666666,0.3333333333333333,1,2,0,1,0,judge_instability
PRISM_BPO_vs_BPO_vicuna_vicuna_deepseek,,69,0.0,-1.0,0,0,3,0,1,majority_loss
PRISM_BPO_vs_BPO_vicuna_vicuna_deepseek,,70,0.0,-1.0,0,0,3,0,1,majority_loss
PRISM_BPO_vs_BPO_vicuna_vicuna_deepseek,,73,0.0,-1.0,0,0,3,0,1,majority_loss
PRISM_BPO_vs_BPO_vicuna_vicuna_deepseek,,76,0.0,-1.0,0,0,3,0,1,majority_loss
PRISM_BPO_vs_BPO_vicuna_vicuna_deepseek,,77,0.0,-1.0,0,0,3,0,1,majority_loss
PRISM_BPO_vs_BPO_vicuna_vicuna_deepseek,,78,0.0,-1.0,0,0,3,0,1,majority_loss
PRISM_BPO_vs_MePO_gemma_bpo_deepseek,,101,0.0,-1.0,0,0,3,0,1,majority_loss
PRISM_BPO_vs_MePO_gemma_bpo_deepseek,,103,0.0,-1.0,0,0,3,0,1,majority_loss
PRISM_BPO_vs_MePO_gemma_bpo_deepseek,,105,0.3333333333333333,-0.3333333333333333,0,2,1,1,0,judge_instability
PRISM_BPO_vs_MePO_gemma_bpo_deepseek,,106,0.3333333333333333,-0.3333333333333333,0,2,1,1,0,judge_instability
PRISM_BPO_vs_MePO_gemma_bpo_deepseek,,107,0.0,-1.0,0,0,3,0,1,majority_loss
PRISM_BPO_vs_MePO_gemma_bpo_deepseek,,109,0.8333333333333334,0.6666666666666666,2,1,0,1,0,judge_instability
PRISM_BPO_vs_MePO_gemma_bpo_deepseek,,112,0.0,-1.0,0,0,3,0,1,majority_loss
PRISM_BPO_vs_MePO_gemma_bpo_deepseek,,113,0.0,-1.0,0,0,3,0,1,majority_loss
PRISM_BPO_vs_MePO_gemma_bpo_deepseek,,117,0.0,-1.0,0,0,3,0,1,majority_loss
PRISM_BPO_vs_MePO_gemma_bpo_deepseek,,118,0.0,-1.0,0,0,3,0,1,majority_loss
PRISM_BPO_vs_MePO_gemma_bpo_deepseek,,119,0.6666666666666666,0.3333333333333333,1,2,0,1,0,judge_instability
PRISM_BPO_vs_MePO_gemma_bpo_deepseek,,120,0.0,-1.0,0,0,3,0,1,majority_loss
PRISM_BPO_vs_MePO_gemma_bpo_deepseek,,121,0.16666666666666666,-0.6666666666666666,0,1,2,1,1,"majority_loss,judge_instability"
PRISM_BPO_vs_MePO_gemma_bpo_deepseek,,122,0.0,-1.0,0,0,3,0,1,majority_loss
PRISM_BPO_vs_MePO_gemma_bpo_deepseek,,123,0.16666666666666666,-0.6666666666666666,0,1,2,1,1,"majority_loss,judge_instability"
PRISM_BPO_vs_MePO_gemma_bpo_deepseek,,124,0.0,-1.0,0,0,3,0,1,majority_loss
PRISM_BPO_vs_MePO_gemma_bpo_deepseek,,131,0.0,-1.0,0,0,3,0,1,majority_loss
PRISM_BPO_vs_MePO_gemma_bpo_deepseek,,132,0.0,-1.0,0,0,3,0,1,majority_loss
PRISM_BPO_vs_MePO_gemma_bpo_deepseek,,134,0.6666666666666666,0.3333333333333333,1,2,0,1,0,judge_instability
PRISM_BPO_vs_MePO_gemma_bpo_deepseek,,135,0.0,-1.0,0,0,3,0,1,majority_loss
PRISM_BPO_vs_MePO_gemma_bpo_deepseek,,137,0.0,-1.0,0,0,3,0,1,majority_loss
PRISM_BPO_vs_MePO_gemma_bpo_deepseek,,139,0.3333333333333333,-0.3333333333333333,0,2,1,1,0,judge_instability
PRISM_BPO_vs_MePO_gemma_bpo_deepseek,,14,0.0,-1.0,0,0,3,0,1,majority_loss
PRISM_BPO_vs_MePO_gemma_bpo_deepseek,,143,0.0,-1.0,0,0,3,0,1,majority_loss
PRISM_BPO_vs_MePO_gemma_bpo_deepseek,,146,0.0,-1.0,0,0,3,0,1,majority_loss
PRISM_BPO_vs_MePO_gemma_bpo_deepseek,,151,0.3333333333333333,-0.3333333333333333,0,2,1,1,0,judge_instability
PRISM_BPO_vs_MePO_gemma_bpo_deepseek,,152,0.8333333333333334,0.6666666666666666,2,1,0,1,0,judge_instability
PRISM_BPO_vs_MePO_gemma_bpo_deepseek,,154,0.0,-1.0,0,0,3,0,1,majority_loss
PRISM_BPO_vs_MePO_gemma_bpo_deepseek,,156,0.0,-1.0,0,0,3,0,1,majority_loss
PRISM_BPO_vs_MePO_gemma_bpo_deepseek,,16,0.0,-1.0,0,0,3,0,1,majority_loss
PRISM_BPO_vs_MePO_gemma_bpo_deepseek,,160,0.3333333333333333,-0.3333333333333333,0,2,1,1,0,judge_instability
PRISM_BPO_vs_MePO_gemma_bpo_deepseek,,163,0.0,-1.0,0,0,3,0,1,majority_loss
PRISM_BPO_vs_MePO_gemma_bpo_deepseek,,164,0.0,-1.0,0,0,3,0,1,majority_loss
PRISM_BPO_vs_MePO_gemma_bpo_deepseek,,166,0.0,-1.0,0,0,3,0,1,majority_loss
PRISM_BPO_vs_MePO_gemma_bpo_deepseek,,170,0.0,-1.0,0,0,3,0,1,majority_loss
PRISM_BPO_vs_MePO_gemma_bpo_deepseek,,18,0.0,-1.0,0,0,3,0,1,majority_loss
PRISM_BPO_vs_MePO_gemma_bpo_deepseek,,183,0.8333333333333334,0.6666666666666666,2,1,0,1,0,judge_instability
PRISM_BPO_vs_MePO_gemma_bpo_deepseek,,189,0.0,-1.0,0,0,3,0,1,majority_loss
PRISM_BPO_vs_MePO_gemma_bpo_deepseek,,191,0.16666666666666666,-0.6666666666666666,0,1,2,1,1,"majority_loss,judge_instability"
PRISM_BPO_vs_MePO_gemma_bpo_deepseek,,196,0.6666666666666666,0.3333333333333333,1,2,0,1,0,judge_instability
PRISM_BPO_vs_MePO_gemma_bpo_deepseek,,198,0.8333333333333334,0.6666666666666666,2,1,0,1,0,judge_instability
PRISM_BPO_vs_MePO_gemma_bpo_deepseek,,199,0.0,-1.0,0,0,3,0,1,majority_loss
PRISM_BPO_vs_MePO_gemma_bpo_deepseek,,22,0.0,-1.0,0,0,3,0,1,majority_loss
PRISM_BPO_vs_MePO_gemma_bpo_deepseek,,23,0.0,-1.0,0,0,3,0,1,majority_loss
PRISM_BPO_vs_MePO_gemma_bpo_deepseek,,25,0.0,-1.0,0,0,3,0,1,majority_loss
PRISM_BPO_vs_MePO_gemma_bpo_deepseek,,27,0.0,-1.0,0,0,3,0,1,majority_loss
PRISM_BPO_vs_MePO_gemma_bpo_deepseek,,3,0.0,-1.0,0,0,3,0,1,majority_loss
PRISM_BPO_vs_MePO_gemma_bpo_deepseek,,30,0.0,-1.0,0,0,3,0,1,majority_loss
PRISM_BPO_vs_MePO_gemma_bpo_deepseek,,31,0.0,-1.0,0,0,3,0,1,majority_loss
PRISM_BPO_vs_MePO_gemma_bpo_deepseek,,33,0.3333333333333333,-0.3333333333333333,1,0,2,1,1,"majority_loss,judge_instability"
PRISM_BPO_vs_MePO_gemma_bpo_deepseek,,36,0.0,-1.0,0,0,3,0,1,majority_loss
PRISM_BPO_vs_MePO_gemma_bpo_deepseek,,38,0.0,-1.0,0,0,3,0,1,majority_loss
PRISM_BPO_vs_MePO_gemma_bpo_deepseek,,4,0.0,-1.0,0,0,3,0,1,majority_loss
PRISM_BPO_vs_MePO_gemma_bpo_deepseek,,41,0.0,-1.0,0,0,3,0,1,majority_loss
PRISM_BPO_vs_MePO_gemma_bpo_deepseek,,42,0.0,-1.0,0,0,3,0,1,majority_loss
PRISM_BPO_vs_MePO_gemma_bpo_deepseek,,45,0.3333333333333333,-0.3333333333333333,0,2,1,1,0,judge_instability
PRISM_BPO_vs_MePO_gemma_bpo_deepseek,,46,0.8333333333333334,0.6666666666666666,2,1,0,1,0,judge_instability
PRISM_BPO_vs_MePO_gemma_bpo_deepseek,,47,0.0,-1.0,0,0,3,0,1,majority_loss
PRISM_BPO_vs_MePO_gemma_bpo_deepseek,,49,0.0,-1.0,0,0,3,0,1,majority_loss
PRISM_BPO_vs_MePO_gemma_bpo_deepseek,,5,0.0,-1.0,0,0,3,0,1,majority_loss
PRISM_BPO_vs_MePO_gemma_bpo_deepseek,,50,0.0,-1.0,0,0,3,0,1,majority_loss
PRISM_BPO_vs_MePO_gemma_bpo_deepseek,,53,0.6666666666666666,0.3333333333333333,1,2,0,1,0,judge_instability
PRISM_BPO_vs_MePO_gemma_bpo_deepseek,,54,0.0,-1.0,0,0,3,0,1,majority_loss
PRISM_BPO_vs_MePO_gemma_bpo_deepseek,,57,0.8333333333333334,0.6666666666666666,2,1,0,1,0,judge_instability
PRISM_BPO_vs_MePO_gemma_bpo_deepseek,,6,0.0,-1.0,0,0,3,0,1,majority_loss
PRISM_BPO_vs_MePO_gemma_bpo_deepseek,,60,0.0,-1.0,0,0,3,0,1,majority_loss
PRISM_BPO_vs_MePO_gemma_bpo_deepseek,,61,0.0,-1.0,0,0,3,0,1,majority_loss
PRISM_BPO_vs_MePO_gemma_bpo_deepseek,,62,0.0,-1.0,0,0,3,0,1,majority_loss
PRISM_BPO_vs_MePO_gemma_bpo_deepseek,,64,0.0,-1.0,0,0,3,0,1,majority_loss
PRISM_BPO_vs_MePO_gemma_bpo_deepseek,,65,0.0,-1.0,0,0,3,0,1,majority_loss
PRISM_BPO_vs_MePO_gemma_bpo_deepseek,,66,0.0,-1.0,0,0,3,0,1,majority_loss
PRISM_BPO_vs_MePO_gemma_bpo_deepseek,,71,0.0,-1.0,0,0,3,0,1,majority_loss
PRISM_BPO_vs_MePO_gemma_bpo_deepseek,,73,0.0,-1.0,0,0,3,0,1,majority_loss
PRISM_BPO_vs_MePO_gemma_bpo_deepseek,,74,0.0,-1.0,0,0,3,0,1,majority_loss
PRISM_BPO_vs_MePO_gemma_bpo_deepseek,,75,0.5,0.0,1,1,1,1,0,judge_instability
PRISM_BPO_vs_MePO_gemma_bpo_deepseek,,78,0.0,-1.0,0,0,3,0,1,majority_loss
PRISM_BPO_vs_MePO_gemma_bpo_deepseek,,79,0.0,-1.0,0,0,3,0,1,majority_loss
PRISM_BPO_vs_MePO_gemma_bpo_deepseek,,81,0.0,-1.0,0,0,3,0,1,majority_loss
PRISM_BPO_vs_MePO_gemma_bpo_deepseek,,85,0.3333333333333333,-0.3333333333333333,0,2,1,1,0,judge_instability
PRISM_BPO_vs_MePO_gemma_bpo_deepseek,,91,0.0,-1.0,0,0,3,0,1,majority_loss
PRISM_BPO_vs_MePO_gemma_bpo_deepseek,,94,0.0,-1.0,0,0,3,0,1,majority_loss
PRISM_BPO_vs_MePO_gemma_bpo_deepseek,,99,0.16666666666666666,-0.6666666666666666,0,1,2,1,1,"majority_loss,judge_instability"
PRISM_BPO_vs_MePO_gemma_dolly_deepseek,,100,0.0,-1.0,0,0,3,0,1,majority_loss
PRISM_BPO_vs_MePO_gemma_dolly_deepseek,,102,0.0,-1.0,0,0,3,0,1,majority_loss
PRISM_BPO_vs_MePO_gemma_dolly_deepseek,,103,0.6666666666666666,0.3333333333333333,1,2,0,1,0,judge_instability
PRISM_BPO_vs_MePO_gemma_dolly_deepseek,,105,0.0,-1.0,0,0,3,0,1,majority_loss
PRISM_BPO_vs_MePO_gemma_dolly_deepseek,,114,0.0,-1.0,0,0,3,0,1,majority_loss
PRISM_BPO_vs_MePO_gemma_dolly_deepseek,,117,0.3333333333333333,-0.3333333333333333,0,2,1,1,0,judge_instability
PRISM_BPO_vs_MePO_gemma_dolly_deepseek,,119,0.0,-1.0,0,0,3,0,1,majority_loss
PRISM_BPO_vs_MePO_gemma_dolly_deepseek,,12,0.0,-1.0,0,0,3,0,1,majority_loss
PRISM_BPO_vs_MePO_gemma_dolly_deepseek,,121,0.0,-1.0,0,0,3,0,1,majority_loss
PRISM_BPO_vs_MePO_gemma_dolly_deepseek,,122,0.0,-1.0,0,0,3,0,1,majority_loss
PRISM_BPO_vs_MePO_gemma_dolly_deepseek,,125,0.0,-1.0,0,0,3,0,1,majority_loss
PRISM_BPO_vs_MePO_gemma_dolly_deepseek,,128,0.3333333333333333,-0.3333333333333333,0,2,1,1,0,judge_instability
PRISM_BPO_vs_MePO_gemma_dolly_deepseek,,131,0.0,-1.0,0,0,3,0,1,majority_loss
PRISM_BPO_vs_MePO_gemma_dolly_deepseek,,132,0.0,-1.0,0,0,3,0,1,majority_loss
PRISM_BPO_vs_MePO_gemma_dolly_deepseek,,135,0.0,-1.0,0,0,3,0,1,majority_loss
PRISM_BPO_vs_MePO_gemma_dolly_deepseek,,136,0.0,-1.0,0,0,3,0,1,majority_loss
PRISM_BPO_vs_MePO_gemma_dolly_deepseek,,139,0.0,-1.0,0,0,3,0,1,majority_loss
PRISM_BPO_vs_MePO_gemma_dolly_deepseek,,14,0.0,-1.0,0,0,3,0,1,majority_loss
PRISM_BPO_vs_MePO_gemma_dolly_deepseek,,142,0.3333333333333333,-0.3333333333333333,1,0,2,1,1,"majority_loss,judge_instability"
PRISM_BPO_vs_MePO_gemma_dolly_deepseek,,147,0.0,-1.0,0,0,3,0,1,majority_loss
PRISM_BPO_vs_MePO_gemma_dolly_deepseek,,15,0.0,-1.0,0,0,3,0,1,majority_loss
PRISM_BPO_vs_MePO_gemma_dolly_deepseek,,153,0.0,-1.0,0,0,3,0,1,majority_loss
PRISM_BPO_vs_MePO_gemma_dolly_deepseek,,155,0.5,0.0,1,1,1,1,0,judge_instability
PRISM_BPO_vs_MePO_gemma_dolly_deepseek,,159,0.16666666666666666,-0.6666666666666666,0,1,2,1,1,"majority_loss,judge_instability"
PRISM_BPO_vs_MePO_gemma_dolly_deepseek,,160,0.0,-1.0,0,0,3,0,1,majority_loss
PRISM_BPO_vs_MePO_gemma_dolly_deepseek,,162,0.16666666666666666,-0.6666666666666666,0,1,2,1,1,"majority_loss,judge_instability"
PRISM_BPO_vs_MePO_gemma_dolly_deepseek,,163,0.0,-1.0,0,0,3,0,1,majority_loss
PRISM_BPO_vs_MePO_gemma_dolly_deepseek,,164,0.0,-1.0,0,0,3,0,1,majority_loss
PRISM_BPO_vs_MePO_gemma_dolly_deepseek,,169,0.0,-1.0,0,0,3,0,1,majority_loss
PRISM_BPO_vs_MePO_gemma_dolly_deepseek,,170,0.0,-1.0,0,0,3,0,1,majority_loss
PRISM_BPO_vs_MePO_gemma_dolly_deepseek,,171,0.0,-1.0,0,0,3,0,1,majority_loss
PRISM_BPO_vs_MePO_gemma_dolly_deepseek,,172,0.0,-1.0,0,0,3,0,1,majority_loss
PRISM_BPO_vs_MePO_gemma_dolly_deepseek,,177,0.0,-1.0,0,0,3,0,1,majority_loss
PRISM_BPO_vs_MePO_gemma_dolly_deepseek,,18,0.0,-1.0,0,0,3,0,1,majority_loss
PRISM_BPO_vs_MePO_gemma_dolly_deepseek,,182,0.0,-1.0,0,0,3,0,1,majority_loss
PRISM_BPO_vs_MePO_gemma_dolly_deepseek,,184,0.0,-1.0,0,0,3,0,1,majority_loss
PRISM_BPO_vs_MePO_gemma_dolly_deepseek,,186,0.5,0.0,1,1,1,1,0,judge_instability
PRISM_BPO_vs_MePO_gemma_dolly_deepseek,,187,0.0,-1.0,0,0,3,0,1,majority_loss
PRISM_BPO_vs_MePO_gemma_dolly_deepseek,,189,0.0,-1.0,0,0,3,0,1,majority_loss
PRISM_BPO_vs_MePO_gemma_dolly_deepseek,,191,0.0,-1.0,0,0,3,0,1,majority_loss
PRISM_BPO_vs_MePO_gemma_dolly_deepseek,,192,0.16666666666666666,-0.6666666666666666,0,1,2,1,1,"majority_loss,judge_instability"
PRISM_BPO_vs_MePO_gemma_dolly_deepseek,,193,0.0,-1.0,0,0,3,0,1,majority_loss
PRISM_BPO_vs_MePO_gemma_dolly_deepseek,,195,0.0,-1.0,0,0,3,0,1,majority_loss
PRISM_BPO_vs_MePO_gemma_dolly_deepseek,,197,0.0,-1.0,0,0,3,0,1,majority_loss
PRISM_BPO_vs_MePO_gemma_dolly_deepseek,,2,0.3333333333333333,-0.3333333333333333,0,2,1,1,0,judge_instability
PRISM_BPO_vs_MePO_gemma_dolly_deepseek,,20,0.0,-1.0,0,0,3,0,1,majority_loss
PRISM_BPO_vs_MePO_gemma_dolly_deepseek,,200,0.0,-1.0,0,0,3,0,1,majority_loss
PRISM_BPO_vs_MePO_gemma_dolly_deepseek,,23,0.0,-1.0,0,0,3,0,1,majority_loss
PRISM_BPO_vs_MePO_gemma_dolly_deepseek,,25,0.16666666666666666,-0.6666666666666666,0,1,2,1,1,"majority_loss,judge_instability"
PRISM_BPO_vs_MePO_gemma_dolly_deepseek,,26,0.8333333333333334,0.6666666666666666,2,1,0,1,0,judge_instability
PRISM_BPO_vs_MePO_gemma_dolly_deepseek,,27,0.0,-1.0,0,0,3,0,1,majority_loss
PRISM_BPO_vs_MePO_gemma_dolly_deepseek,,29,0.8333333333333334,0.6666666666666666,2,1,0,1,0,judge_instability
PRISM_BPO_vs_MePO_gemma_dolly_deepseek,,36,0.0,-1.0,0,0,3,0,1,majority_loss
PRISM_BPO_vs_MePO_gemma_dolly_deepseek,,42,0.6666666666666666,0.3333333333333333,1,2,0,1,0,judge_instability
PRISM_BPO_vs_MePO_gemma_dolly_deepseek,,48,0.0,-1.0,0,0,3,0,1,majority_loss
PRISM_BPO_vs_MePO_gemma_dolly_deepseek,,50,0.0,-1.0,0,0,3,0,1,majority_loss
PRISM_BPO_vs_MePO_gemma_dolly_deepseek,,51,0.0,-1.0,0,0,3,0,1,majority_loss
PRISM_BPO_vs_MePO_gemma_dolly_deepseek,,53,0.0,-1.0,0,0,3,0,1,majority_loss
PRISM_BPO_vs_MePO_gemma_dolly_deepseek,,56,0.16666666666666666,-0.6666666666666666,0,1,2,1,1,"majority_loss,judge_instability"
PRISM_BPO_vs_MePO_gemma_dolly_deepseek,,6,0.0,-1.0,0,0,3,0,1,majority_loss
PRISM_BPO_vs_MePO_gemma_dolly_deepseek,,60,0.0,-1.0,0,0,3,0,1,majority_loss
PRISM_BPO_vs_MePO_gemma_dolly_deepseek,,61,0.0,-1.0,0,0,3,0,1,majority_loss
PRISM_BPO_vs_MePO_gemma_dolly_deepseek,,63,0.0,-1.0,0,0,3,0,1,majority_loss
PRISM_BPO_vs_MePO_gemma_dolly_deepseek,,64,0.0,-1.0,0,0,3,0,1,majority_loss
PRISM_BPO_vs_MePO_gemma_dolly_deepseek,,66,0.6666666666666666,0.3333333333333333,2,0,1,1,0,judge_instability
PRISM_BPO_vs_MePO_gemma_dolly_deepseek,,68,0.8333333333333334,0.6666666666666666,2,1,0,1,0,judge_instability
PRISM_BPO_vs_MePO_gemma_dolly_deepseek,,70,0.3333333333333333,-0.3333333333333333,0,2,1,1,0,judge_instability
PRISM_BPO_vs_MePO_gemma_dolly_deepseek,,71,0.6666666666666666,0.3333333333333333,1,2,0,1,0,judge_instability
PRISM_BPO_vs_MePO_gemma_dolly_deepseek,,75,0.16666666666666666,-0.6666666666666666,0,1,2,1,1,"majority_loss,judge_instability"
PRISM_BPO_vs_MePO_gemma_dolly_deepseek,,77,0.6666666666666666,0.3333333333333333,1,2,0,1,0,judge_instability
PRISM_BPO_vs_MePO_gemma_dolly_deepseek,,78,0.3333333333333333,-0.3333333333333333,1,0,2,1,1,"majority_loss,judge_instability"
PRISM_BPO_vs_MePO_gemma_dolly_deepseek,,80,0.0,-1.0,0,0,3,0,1,majority_loss
PRISM_BPO_vs_MePO_gemma_dolly_deepseek,,87,0.6666666666666666,0.3333333333333333,1,2,0,1,0,judge_instability
PRISM_BPO_vs_MePO_gemma_dolly_deepseek,,89,0.16666666666666666,-0.6666666666666666,0,1,2,1,1,"majority_loss,judge_instability"
PRISM_BPO_vs_MePO_gemma_dolly_deepseek,,90,0.6666666666666666,0.3333333333333333,2,0,1,1,0,judge_instability
PRISM_BPO_vs_MePO_gemma_dolly_deepseek,,91,0.3333333333333333,-0.3333333333333333,1,0,2,1,1,"majority_loss,judge_instability"
PRISM_BPO_vs_MePO_gemma_dolly_deepseek,,95,0.0,-1.0,0,0,3,0,1,majority_loss
PRISM_BPO_vs_MePO_gemma_dolly_deepseek,,97,0.6666666666666666,0.3333333333333333,2,0,1,1,0,judge_instability
PRISM_BPO_vs_MePO_gemma_self_deepseek,,user_oriented_task_100,0.0,-1.0,0,0,3,0,1,majority_loss
PRISM_BPO_vs_MePO_gemma_self_deepseek,,user_oriented_task_102,0.0,-1.0,0,0,3,0,1,majority_loss
PRISM_BPO_vs_MePO_gemma_self_deepseek,,user_oriented_task_108,0.6666666666666666,0.3333333333333333,1,2,0,1,0,judge_instability
PRISM_BPO_vs_MePO_gemma_self_deepseek,,user_oriented_task_109,0.0,-1.0,0,0,3,0,1,majority_loss
PRISM_BPO_vs_MePO_gemma_self_deepseek,,user_oriented_task_11,0.0,-1.0,0,0,3,0,1,majority_loss
PRISM_BPO_vs_MePO_gemma_self_deepseek,,user_oriented_task_110,0.0,-1.0,0,0,3,0,1,majority_loss
PRISM_BPO_vs_MePO_gemma_self_deepseek,,user_oriented_task_114,0.8333333333333334,0.6666666666666666,2,1,0,1,0,judge_instability
PRISM_BPO_vs_MePO_gemma_self_deepseek,,user_oriented_task_115,0.0,-1.0,0,0,3,0,1,majority_loss
PRISM_BPO_vs_MePO_gemma_self_deepseek,,user_oriented_task_116,0.0,-1.0,0,0,3,0,1,majority_loss
PRISM_BPO_vs_MePO_gemma_self_deepseek,,user_oriented_task_119,0.0,-1.0,0,0,3,0,1,majority_loss
PRISM_BPO_vs_MePO_gemma_self_deepseek,,user_oriented_task_12,0.0,-1.0,0,0,3,0,1,majority_loss
PRISM_BPO_vs_MePO_gemma_self_deepseek,,user_oriented_task_122,0.0,-1.0,0,0,3,0,1,majority_loss
PRISM_BPO_vs_MePO_gemma_self_deepseek,,user_oriented_task_126,0.0,-1.0,0,0,3,0,1,majority_loss
PRISM_BPO_vs_MePO_gemma_self_deepseek,,user_oriented_task_127,0.0,-1.0,0,0,3,0,1,majority_loss
PRISM_BPO_vs_MePO_gemma_self_deepseek,,user_oriented_task_128,0.16666666666666666,-0.6666666666666666,0,1,2,1,1,"majority_loss,judge_instability"
PRISM_BPO_vs_MePO_gemma_self_deepseek,,user_oriented_task_129,0.3333333333333333,-0.3333333333333333,0,2,1,1,0,judge_instability
PRISM_BPO_vs_MePO_gemma_self_deepseek,,user_oriented_task_13,0.0,-1.0,0,0,3,0,1,majority_loss
PRISM_BPO_vs_MePO_gemma_self_deepseek,,user_oriented_task_131,0.0,-1.0,0,0,3,0,1,majority_loss
PRISM_BPO_vs_MePO_gemma_self_deepseek,,user_oriented_task_135,0.0,-1.0,0,0,3,0,1,majority_loss
PRISM_BPO_vs_MePO_gemma_self_deepseek,,user_oriented_task_138,0.0,-1.0,0,0,3,0,1,majority_loss
PRISM_BPO_vs_MePO_gemma_self_deepseek,,user_oriented_task_14,0.0,-1.0,0,0,3,0,1,majority_loss
PRISM_BPO_vs_MePO_gemma_self_deepseek,,user_oriented_task_141,0.6666666666666666,0.3333333333333333,1,2,0,1,0,judge_instability
PRISM_BPO_vs_MePO_gemma_self_deepseek,,user_oriented_task_145,0.0,-1.0,0,0,3,0,1,majority_loss
PRISM_BPO_vs_MePO_gemma_self_deepseek,,user_oriented_task_146,0.0,-1.0,0,0,3,0,1,majority_loss
PRISM_BPO_vs_MePO_gemma_self_deepseek,,user_oriented_task_149,0.16666666666666666,-0.6666666666666666,0,1,2,1,1,"majority_loss,judge_instability"
PRISM_BPO_vs_MePO_gemma_self_deepseek,,user_oriented_task_150,0.0,-1.0,0,0,3,0,1,majority_loss
PRISM_BPO_vs_MePO_gemma_self_deepseek,,user_oriented_task_152,0.0,-1.0,0,0,3,0,1,majority_loss
PRISM_BPO_vs_MePO_gemma_self_deepseek,,user_oriented_task_153,0.0,-1.0,0,0,3,0,1,majority_loss
PRISM_BPO_vs_MePO_gemma_self_deepseek,,user_oriented_task_154,0.8333333333333334,0.6666666666666666,2,1,0,1,0,judge_instability
PRISM_BPO_vs_MePO_gemma_self_deepseek,,user_oriented_task_158,0.0,-1.0,0,0,3,0,1,majority_loss
PRISM_BPO_vs_MePO_gemma_self_deepseek,,user_oriented_task_16,0.8333333333333334,0.6666666666666666,2,1,0,1,0,judge_instability
PRISM_BPO_vs_MePO_gemma_self_deepseek,,user_oriented_task_161,0.0,-1.0,0,0,3,0,1,majority_loss
PRISM_BPO_vs_MePO_gemma_self_deepseek,,user_oriented_task_163,0.0,-1.0,0,0,3,0,1,majority_loss
PRISM_BPO_vs_MePO_gemma_self_deepseek,,user_oriented_task_166,0.0,-1.0,0,0,3,0,1,majority_loss
PRISM_BPO_vs_MePO_gemma_self_deepseek,,user_oriented_task_169,0.0,-1.0,0,0,3,0,1,majority_loss
PRISM_BPO_vs_MePO_gemma_self_deepseek,,user_oriented_task_17,0.6666666666666666,0.3333333333333333,2,0,1,1,0,judge_instability
PRISM_BPO_vs_MePO_gemma_self_deepseek,,user_oriented_task_170,0.6666666666666666,0.3333333333333333,2,0,1,1,0,judge_instability
PRISM_BPO_vs_MePO_gemma_self_deepseek,,user_oriented_task_172,0.0,-1.0,0,0,3,0,1,majority_loss
PRISM_BPO_vs_MePO_gemma_self_deepseek,,user_oriented_task_176,0.0,-1.0,0,0,3,0,1,majority_loss
PRISM_BPO_vs_MePO_gemma_self_deepseek,,user_oriented_task_18,0.0,-1.0,0,0,3,0,1,majority_loss
PRISM_BPO_vs_MePO_gemma_self_deepseek,,user_oriented_task_182,0.0,-1.0,0,0,3,0,1,majority_loss
PRISM_BPO_vs_MePO_gemma_self_deepseek,,user_oriented_task_184,0.6666666666666666,0.3333333333333333,1,2,0,1,0,judge_instability
PRISM_BPO_vs_MePO_gemma_self_deepseek,,user_oriented_task_185,0.0,-1.0,0,0,3,0,1,majority_loss
PRISM_BPO_vs_MePO_gemma_self_deepseek,,user_oriented_task_187,0.6666666666666666,0.3333333333333333,2,0,1,1,0,judge_instability
PRISM_BPO_vs_MePO_gemma_self_deepseek,,user_oriented_task_189,0.0,-1.0,0,0,3,0,1,majority_loss
PRISM_BPO_vs_MePO_gemma_self_deepseek,,user_oriented_task_19,0.0,-1.0,0,0,3,0,1,majority_loss
PRISM_BPO_vs_MePO_gemma_self_deepseek,,user_oriented_task_191,0.0,-1.0,0,0,3,0,1,majority_loss
PRISM_BPO_vs_MePO_gemma_self_deepseek,,user_oriented_task_192,0.8333333333333334,0.6666666666666666,2,1,0,1,0,judge_instability
PRISM_BPO_vs_MePO_gemma_self_deepseek,,user_oriented_task_201,0.0,-1.0,0,0,3,0,1,majority_loss
PRISM_BPO_vs_MePO_gemma_self_deepseek,,user_oriented_task_202,0.8333333333333334,0.6666666666666666,2,1,0,1,0,judge_instability
PRISM_BPO_vs_MePO_gemma_self_deepseek,,user_oriented_task_204,0.0,-1.0,0,0,3,0,1,majority_loss
PRISM_BPO_vs_MePO_gemma_self_deepseek,,user_oriented_task_207,0.0,-1.0,0,0,3,0,1,majority_loss
PRISM_BPO_vs_MePO_gemma_self_deepseek,,user_oriented_task_209,0.0,-1.0,0,0,3,0,1,majority_loss
PRISM_BPO_vs_MePO_gemma_self_deepseek,,user_oriented_task_21,0.0,-1.0,0,0,3,0,1,majority_loss
PRISM_BPO_vs_MePO_gemma_self_deepseek,,user_oriented_task_211,0.0,-1.0,0,0,3,0,1,majority_loss
PRISM_BPO_vs_MePO_gemma_self_deepseek,,user_oriented_task_213,0.16666666666666666,-0.6666666666666666,0,1,2,1,1,"majority_loss,judge_instability"
PRISM_BPO_vs_MePO_gemma_self_deepseek,,user_oriented_task_214,0.0,-1.0,0,0,3,0,1,majority_loss
PRISM_BPO_vs_MePO_gemma_self_deepseek,,user_oriented_task_215,0.0,-1.0,0,0,3,0,1,majority_loss
PRISM_BPO_vs_MePO_gemma_self_deepseek,,user_oriented_task_219,0.0,-1.0,0,0,3,0,1,majority_loss
PRISM_BPO_vs_MePO_gemma_self_deepseek,,user_oriented_task_220,0.0,-1.0,0,0,3,0,1,majority_loss
PRISM_BPO_vs_MePO_gemma_self_deepseek,,user_oriented_task_224,0.0,-1.0,0,0,3,0,1,majority_loss
PRISM_BPO_vs_MePO_gemma_self_deepseek,,user_oriented_task_227,0.0,-1.0,0,0,3,0,1,majority_loss
PRISM_BPO_vs_MePO_gemma_self_deepseek,,user_oriented_task_228,0.8333333333333334,0.6666666666666666,2,1,0,1,0,judge_instability
PRISM_BPO_vs_MePO_gemma_self_deepseek,,user_oriented_task_230,0.0,-1.0,0,0,3,0,1,majority_loss
PRISM_BPO_vs_MePO_gemma_self_deepseek,,user_oriented_task_233,0.6666666666666666,0.3333333333333333,1,2,0,1,0,judge_instability
PRISM_BPO_vs_MePO_gemma_self_deepseek,,user_oriented_task_237,0.0,-1.0,0,0,3,0,1,majority_loss
PRISM_BPO_vs_MePO_gemma_self_deepseek,,user_oriented_task_24,0.0,-1.0,0,0,3,0,1,majority_loss
PRISM_BPO_vs_MePO_gemma_self_deepseek,,user_oriented_task_240,0.0,-1.0,0,0,3,0,1,majority_loss
PRISM_BPO_vs_MePO_gemma_self_deepseek,,user_oriented_task_245,0.0,-1.0,0,0,3,0,1,majority_loss
PRISM_BPO_vs_MePO_gemma_self_deepseek,,user_oriented_task_247,0.6666666666666666,0.3333333333333333,2,0,1,1,0,judge_instability
PRISM_BPO_vs_MePO_gemma_self_deepseek,,user_oriented_task_26,0.3333333333333333,-0.3333333333333333,0,2,1,1,0,judge_instability
PRISM_BPO_vs_MePO_gemma_self_deepseek,,user_oriented_task_27,0.0,-1.0,0,0,3,0,1,majority_loss
PRISM_BPO_vs_MePO_gemma_self_deepseek,,user_oriented_task_3,0.8333333333333334,0.6666666666666666,2,1,0,1,0,judge_instability
PRISM_BPO_vs_MePO_gemma_self_deepseek,,user_oriented_task_30,0.0,-1.0,0,0,3,0,1,majority_loss
PRISM_BPO_vs_MePO_gemma_self_deepseek,,user_oriented_task_31,0.0,-1.0,0,0,3,0,1,majority_loss
PRISM_BPO_vs_MePO_gemma_self_deepseek,,user_oriented_task_34,0.0,-1.0,0,0,3,0,1,majority_loss
PRISM_BPO_vs_MePO_gemma_self_deepseek,,user_oriented_task_38,0.6666666666666666,0.3333333333333333,1,2,0,1,0,judge_instability
PRISM_BPO_vs_MePO_gemma_self_deepseek,,user_oriented_task_39,0.0,-1.0,0,0,3,0,1,majority_loss
PRISM_BPO_vs_MePO_gemma_self_deepseek,,user_oriented_task_4,0.0,-1.0,0,0,3,0,1,majority_loss
PRISM_BPO_vs_MePO_gemma_self_deepseek,,user_oriented_task_41,0.0,-1.0,0,0,3,0,1,majority_loss
PRISM_BPO_vs_MePO_gemma_self_deepseek,,user_oriented_task_42,0.0,-1.0,0,0,3,0,1,majority_loss
PRISM_BPO_vs_MePO_gemma_self_deepseek,,user_oriented_task_43,0.0,-1.0,0,0,3,0,1,majority_loss
PRISM_BPO_vs_MePO_gemma_self_deepseek,,user_oriented_task_45,0.0,-1.0,0,0,3,0,1,majority_loss
PRISM_BPO_vs_MePO_gemma_self_deepseek,,user_oriented_task_47,0.0,-1.0,0,0,3,0,1,majority_loss
PRISM_BPO_vs_MePO_gemma_self_deepseek,,user_oriented_task_52,0.0,-1.0,0,0,3,0,1,majority_loss
PRISM_BPO_vs_MePO_gemma_self_deepseek,,user_oriented_task_55,0.0,-1.0,0,0,3,0,1,majority_loss
PRISM_BPO_vs_MePO_gemma_self_deepseek,,user_oriented_task_61,0.0,-1.0,0,0,3,0,1,majority_loss
PRISM_BPO_vs_MePO_gemma_self_deepseek,,user_oriented_task_62,0.0,-1.0,0,0,3,0,1,majority_loss
PRISM_BPO_vs_MePO_gemma_self_deepseek,,user_oriented_task_63,0.3333333333333333,-0.3333333333333333,0,2,1,1,0,judge_instability
PRISM_BPO_vs_MePO_gemma_self_deepseek,,user_oriented_task_64,0.0,-1.0,0,0,3,0,1,majority_loss
PRISM_BPO_vs_MePO_gemma_self_deepseek,,user_oriented_task_67,0.0,-1.0,0,0,3,0,1,majority_loss
PRISM_BPO_vs_MePO_gemma_self_deepseek,,user_oriented_task_68,0.0,-1.0,0,0,3,0,1,majority_loss
PRISM_BPO_vs_MePO_gemma_self_deepseek,,user_oriented_task_69,0.0,-1.0,0,0,3,0,1,majority_loss
PRISM_BPO_vs_MePO_gemma_self_deepseek,,user_oriented_task_7,0.3333333333333333,-0.3333333333333333,0,2,1,1,0,judge_instability
PRISM_BPO_vs_MePO_gemma_self_deepseek,,user_oriented_task_73,0.0,-1.0,0,0,3,0,1,majority_loss
PRISM_BPO_vs_MePO_gemma_self_deepseek,,user_oriented_task_74,0.0,-1.0,0,0,3,0,1,majority_loss
PRISM_BPO_vs_MePO_gemma_self_deepseek,,user_oriented_task_75,0.0,-1.0,0,0,3,0,1,majority_loss
PRISM_BPO_vs_MePO_gemma_self_deepseek,,user_oriented_task_77,0.0,-1.0,0,0,3,0,1,majority_loss
PRISM_BPO_vs_MePO_gemma_self_deepseek,,user_oriented_task_79,0.0,-1.0,0,0,3,0,1,majority_loss
PRISM_BPO_vs_MePO_gemma_self_deepseek,,user_oriented_task_8,0.3333333333333333,-0.3333333333333333,0,2,1,1,0,judge_instability
PRISM_BPO_vs_MePO_gemma_self_deepseek,,user_oriented_task_85,0.16666666666666666,-0.6666666666666666,0,1,2,1,1,"majority_loss,judge_instability"
PRISM_BPO_vs_MePO_gemma_self_deepseek,,user_oriented_task_87,0.0,-1.0,0,0,3,0,1,majority_loss
PRISM_BPO_vs_MePO_gemma_self_deepseek,,user_oriented_task_88,0.16666666666666666,-0.6666666666666666,0,1,2,1,1,"majority_loss,judge_instability"
PRISM_BPO_vs_MePO_gemma_self_deepseek,,user_oriented_task_96,0.0,-1.0,0,0,3,0,1,majority_loss
PRISM_BPO_vs_MePO_gemma_self_deepseek,,user_oriented_task_99,0.0,-1.0,0,0,3,0,1,majority_loss
PRISM_BPO_vs_MePO_gemma_vicuna_deepseek,,1,0.6666666666666666,0.3333333333333333,1,2,0,1,0,judge_instability
PRISM_BPO_vs_MePO_gemma_vicuna_deepseek,,16,0.16666666666666666,-0.6666666666666666,0,1,2,1,1,"majority_loss,judge_instability"
PRISM_BPO_vs_MePO_gemma_vicuna_deepseek,,20,0.8333333333333334,0.6666666666666666,2,1,0,1,0,judge_instability
PRISM_BPO_vs_MePO_gemma_vicuna_deepseek,,21,0.0,-1.0,0,0,3,0,1,majority_loss
PRISM_BPO_vs_MePO_gemma_vicuna_deepseek,,29,0.8333333333333334,0.6666666666666666,2,1,0,1,0,judge_instability
PRISM_BPO_vs_MePO_gemma_vicuna_deepseek,,3,0.3333333333333333,-0.3333333333333333,0,2,1,1,0,judge_instability
PRISM_BPO_vs_MePO_gemma_vicuna_deepseek,,32,0.3333333333333333,-0.3333333333333333,1,0,2,1,1,"majority_loss,judge_instability"
PRISM_BPO_vs_MePO_gemma_vicuna_deepseek,,36,0.0,-1.0,0,0,3,0,1,majority_loss
PRISM_BPO_vs_MePO_gemma_vicuna_deepseek,,40,0.6666666666666666,0.3333333333333333,1,2,0,1,0,judge_instability
PRISM_BPO_vs_MePO_gemma_vicuna_deepseek,,45,0.3333333333333333,-0.3333333333333333,1,0,2,1,1,"majority_loss,judge_instability"
PRISM_BPO_vs_MePO_gemma_vicuna_deepseek,,46,0.0,-1.0,0,0,3,0,1,majority_loss
PRISM_BPO_vs_MePO_gemma_vicuna_deepseek,,47,0.0,-1.0,0,0,3,0,1,majority_loss
PRISM_BPO_vs_MePO_gemma_vicuna_deepseek,,48,0.0,-1.0,0,0,3,0,1,majority_loss
PRISM_BPO_vs_MePO_gemma_vicuna_deepseek,,49,0.0,-1.0,0,0,3,0,1,majority_loss
PRISM_BPO_vs_MePO_gemma_vicuna_deepseek,,61,0.8333333333333334,0.6666666666666666,2,1,0,1,0,judge_instability
PRISM_BPO_vs_MePO_gemma_vicuna_deepseek,,62,0.0,-1.0,0,0,3,0,1,majority_loss
PRISM_BPO_vs_MePO_gemma_vicuna_deepseek,,63,0.0,-1.0,0,0,3,0,1,majority_loss
PRISM_BPO_vs_MePO_gemma_vicuna_deepseek,,64,0.0,-1.0,0,0,3,0,1,majority_loss
PRISM_BPO_vs_MePO_gemma_vicuna_deepseek,,71,0.3333333333333333,-0.3333333333333333,0,2,1,1,0,judge_instability
PRISM_BPO_vs_MePO_gemma_vicuna_deepseek,,73,0.0,-1.0,0,0,3,0,1,majority_loss
PRISM_BPO_vs_MePO_gemma_vicuna_deepseek,,75,0.8333333333333334,0.6666666666666666,2,1,0,1,0,judge_instability
PRISM_BPO_vs_MePO_gemma_vicuna_deepseek,,78,0.3333333333333333,-0.3333333333333333,0,2,1,1,0,judge_instability
PRISM_BPO_vs_MePO_llama_bpo_deepseek,,10,0.6666666666666666,0.3333333333333333,2,0,1,1,0,judge_instability
PRISM_BPO_vs_MePO_llama_bpo_deepseek,,103,0.0,-1.0,0,0,3,0,1,majority_loss
PRISM_BPO_vs_MePO_llama_bpo_deepseek,,105,0.0,-1.0,0,0,3,0,1,majority_loss
PRISM_BPO_vs_MePO_llama_bpo_deepseek,,106,0.0,-1.0,0,0,3,0,1,majority_loss
PRISM_BPO_vs_MePO_llama_bpo_deepseek,,107,0.0,-1.0,0,0,3,0,1,majority_loss
PRISM_BPO_vs_MePO_llama_bpo_deepseek,,108,0.0,-1.0,0,0,3,0,1,majority_loss
PRISM_BPO_vs_MePO_llama_bpo_deepseek,,11,0.6666666666666666,0.3333333333333333,1,2,0,1,0,judge_instability
PRISM_BPO_vs_MePO_llama_bpo_deepseek,,110,0.0,-1.0,0,0,3,0,1,majority_loss
PRISM_BPO_vs_MePO_llama_bpo_deepseek,,111,0.3333333333333333,-0.3333333333333333,1,0,2,1,1,"majority_loss,judge_instability"
PRISM_BPO_vs_MePO_llama_bpo_deepseek,,117,0.0,-1.0,0,0,3,0,1,majority_loss
PRISM_BPO_vs_MePO_llama_bpo_deepseek,,120,0.0,-1.0,0,0,3,0,1,majority_loss
PRISM_BPO_vs_MePO_llama_bpo_deepseek,,123,0.0,-1.0,0,0,3,0,1,majority_loss
PRISM_BPO_vs_MePO_llama_bpo_deepseek,,124,0.16666666666666666,-0.6666666666666666,0,1,2,1,1,"majority_loss,judge_instability"
PRISM_BPO_vs_MePO_llama_bpo_deepseek,,126,0.16666666666666666,-0.6666666666666666,0,1,2,1,1,"majority_loss,judge_instability"
PRISM_BPO_vs_MePO_llama_bpo_deepseek,,127,0.0,-1.0,0,0,3,0,1,majority_loss
PRISM_BPO_vs_MePO_llama_bpo_deepseek,,129,0.6666666666666666,0.3333333333333333,1,2,0,1,0,judge_instability
PRISM_BPO_vs_MePO_llama_bpo_deepseek,,131,0.0,-1.0,0,0,3,0,1,majority_loss
PRISM_BPO_vs_MePO_llama_bpo_deepseek,,134,0.0,-1.0,0,0,3,0,1,majority_loss
PRISM_BPO_vs_MePO_llama_bpo_deepseek,,135,0.0,-1.0,0,0,3,0,1,majority_loss
PRISM_BPO_vs_MePO_llama_bpo_deepseek,,137,0.0,-1.0,0,0,3,0,1,majority_loss
PRISM_BPO_vs_MePO_llama_bpo_deepseek,,138,0.0,-1.0,0,0,3,0,1,majority_loss
PRISM_BPO_vs_MePO_llama_bpo_deepseek,,141,0.0,-1.0,0,0,3,0,1,majority_loss
PRISM_BPO_vs_MePO_llama_bpo_deepseek,,143,0.0,-1.0,0,0,3,0,1,majority_loss
PRISM_BPO_vs_MePO_llama_bpo_deepseek,,146,0.0,-1.0,0,0,3,0,1,majority_loss
PRISM_BPO_vs_MePO_llama_bpo_deepseek,,147,0.0,-1.0,0,0,3,0,1,majority_loss
PRISM_BPO_vs_MePO_llama_bpo_deepseek,,148,0.3333333333333333,-0.3333333333333333,0,2,1,1,0,judge_instability
PRISM_BPO_vs_MePO_llama_bpo_deepseek,,150,0.0,-1.0,0,0,3,0,1,majority_loss
PRISM_BPO_vs_MePO_llama_bpo_deepseek,,153,0.8333333333333334,0.6666666666666666,2,1,0,1,0,judge_instability
PRISM_BPO_vs_MePO_llama_bpo_deepseek,,154,0.0,-1.0,0,0,3,0,1,majority_loss
PRISM_BPO_vs_MePO_llama_bpo_deepseek,,156,0.0,-1.0,0,0,3,0,1,majority_loss
PRISM_BPO_vs_MePO_llama_bpo_deepseek,,160,0.0,-1.0,0,0,3,0,1,majority_loss
PRISM_BPO_vs_MePO_llama_bpo_deepseek,,161,0.8333333333333334,0.6666666666666666,2,1,0,1,0,judge_instability
PRISM_BPO_vs_MePO_llama_bpo_deepseek,,173,0.0,-1.0,0,0,3,0,1,majority_loss
PRISM_BPO_vs_MePO_llama_bpo_deepseek,,174,0.0,-1.0,0,0,3,0,1,majority_loss
PRISM_BPO_vs_MePO_llama_bpo_deepseek,,175,0.0,-1.0,0,0,3,0,1,majority_loss
PRISM_BPO_vs_MePO_llama_bpo_deepseek,,178,0.0,-1.0,0,0,3,0,1,majority_loss
PRISM_BPO_vs_MePO_llama_bpo_deepseek,,18,0.0,-1.0,0,0,3,0,1,majority_loss
PRISM_BPO_vs_MePO_llama_bpo_deepseek,,180,0.6666666666666666,0.3333333333333333,1,2,0,1,0,judge_instability
PRISM_BPO_vs_MePO_llama_bpo_deepseek,,181,0.0,-1.0,0,0,3,0,1,majority_loss
PRISM_BPO_vs_MePO_llama_bpo_deepseek,,183,0.0,-1.0,0,0,3,0,1,majority_loss
PRISM_BPO_vs_MePO_llama_bpo_deepseek,,184,0.3333333333333333,-0.3333333333333333,1,0,2,1,1,"majority_loss,judge_instability"
PRISM_BPO_vs_MePO_llama_bpo_deepseek,,185,0.0,-1.0,0,0,3,0,1,majority_loss
PRISM_BPO_vs_MePO_llama_bpo_deepseek,,186,0.16666666666666666,-0.6666666666666666,0,1,2,1,1,"majority_loss,judge_instability"
PRISM_BPO_vs_MePO_llama_bpo_deepseek,,190,0.0,-1.0,0,0,3,0,1,majority_loss
PRISM_BPO_vs_MePO_llama_bpo_deepseek,,191,0.0,-1.0,0,0,3,0,1,majority_loss
PRISM_BPO_vs_MePO_llama_bpo_deepseek,,192,0.0,-1.0,0,0,3,0,1,majority_loss
PRISM_BPO_vs_MePO_llama_bpo_deepseek,,196,0.0,-1.0,0,0,3,0,1,majority_loss
PRISM_BPO_vs_MePO_llama_bpo_deepseek,,199,0.0,-1.0,0,0,3,0,1,majority_loss
PRISM_BPO_vs_MePO_llama_bpo_deepseek,,20,0.0,-1.0,0,0,3,0,1,majority_loss
PRISM_BPO_vs_MePO_llama_bpo_deepseek,,200,0.0,-1.0,0,0,3,0,1,majority_loss
PRISM_BPO_vs_MePO_llama_bpo_deepseek,,24,0.0,-1.0,0,0,3,0,1,majority_loss
PRISM_BPO_vs_MePO_llama_bpo_deepseek,,27,0.0,-1.0,0,0,3,0,1,majority_loss
PRISM_BPO_vs_MePO_llama_bpo_deepseek,,28,0.0,-1.0,0,0,3,0,1,majority_loss
PRISM_BPO_vs_MePO_llama_bpo_deepseek,,3,0.0,-1.0,0,0,3,0,1,majority_loss
PRISM_BPO_vs_MePO_llama_bpo_deepseek,,30,0.0,-1.0,0,0,3,0,1,majority_loss
PRISM_BPO_vs_MePO_llama_bpo_deepseek,,31,0.0,-1.0,0,0,3,0,1,majority_loss
PRISM_BPO_vs_MePO_llama_bpo_deepseek,,34,0.0,-1.0,0,0,3,0,1,majority_loss
PRISM_BPO_vs_MePO_llama_bpo_deepseek,,41,0.0,-1.0,0,0,3,0,1,majority_loss
PRISM_BPO_vs_MePO_llama_bpo_deepseek,,42,0.0,-1.0,0,0,3,0,1,majority_loss
PRISM_BPO_vs_MePO_llama_bpo_deepseek,,43,0.0,-1.0,0,0,3,0,1,majority_loss
PRISM_BPO_vs_MePO_llama_bpo_deepseek,,46,0.0,-1.0,0,0,3,0,1,majority_loss
PRISM_BPO_vs_MePO_llama_bpo_deepseek,,5,0.0,-1.0,0,0,3,0,1,majority_loss
PRISM_BPO_vs_MePO_llama_bpo_deepseek,,50,0.0,-1.0,0,0,3,0,1,majority_loss
PRISM_BPO_vs_MePO_llama_bpo_deepseek,,51,0.0,-1.0,0,0,3,0,1,majority_loss
PRISM_BPO_vs_MePO_llama_bpo_deepseek,,52,0.0,-1.0,0,0,3,0,1,majority_loss
PRISM_BPO_vs_MePO_llama_bpo_deepseek,,54,0.3333333333333333,-0.3333333333333333,0,2,1,1,0,judge_instability
PRISM_BPO_vs_MePO_llama_bpo_deepseek,,55,0.8333333333333334,0.6666666666666666,2,1,0,1,0,judge_instability
PRISM_BPO_vs_MePO_llama_bpo_deepseek,,59,0.8333333333333334,0.6666666666666666,2,1,0,1,0,judge_instability
PRISM_BPO_vs_MePO_llama_bpo_deepseek,,60,0.0,-1.0,0,0,3,0,1,majority_loss
PRISM_BPO_vs_MePO_llama_bpo_deepseek,,62,0.0,-1.0,0,0,3,0,1,majority_loss
PRISM_BPO_vs_MePO_llama_bpo_deepseek,,64,0.0,-1.0,0,0,3,0,1,majority_loss
PRISM_BPO_vs_MePO_llama_bpo_deepseek,,65,0.0,-1.0,0,0,3,0,1,majority_loss
PRISM_BPO_vs_MePO_llama_bpo_deepseek,,66,0.0,-1.0,0,0,3,0,1,majority_loss
PRISM_BPO_vs_MePO_llama_bpo_deepseek,,70,0.0,-1.0,0,0,3,0,1,majority_loss
PRISM_BPO_vs_MePO_llama_bpo_deepseek,,71,0.0,-1.0,0,0,3,0,1,majority_loss
PRISM_BPO_vs_MePO_llama_bpo_deepseek,,72,0.0,-1.0,0,0,3,0,1,majority_loss
PRISM_BPO_vs_MePO_llama_bpo_deepseek,,73,0.3333333333333333,-0.3333333333333333,1,0,2,1,1,"majority_loss,judge_instability"
PRISM_BPO_vs_MePO_llama_bpo_deepseek,,74,0.0,-1.0,0,0,3,0,1,majority_loss
PRISM_BPO_vs_MePO_llama_bpo_deepseek,,76,0.6666666666666666,0.3333333333333333,2,0,1,1,0,judge_instability
PRISM_BPO_vs_MePO_llama_bpo_deepseek,,78,0.6666666666666666,0.3333333333333333,1,2,0,1,0,judge_instability
PRISM_BPO_vs_MePO_llama_bpo_deepseek,,79,0.0,-1.0,0,0,3,0,1,majority_loss
PRISM_BPO_vs_MePO_llama_bpo_deepseek,,81,0.0,-1.0,0,0,3,0,1,majority_loss
PRISM_BPO_vs_MePO_llama_bpo_deepseek,,82,0.16666666666666666,-0.6666666666666666,0,1,2,1,1,"majority_loss,judge_instability"
PRISM_BPO_vs_MePO_llama_bpo_deepseek,,84,0.8333333333333334,0.6666666666666666,2,1,0,1,0,judge_instability
PRISM_BPO_vs_MePO_llama_bpo_deepseek,,86,0.0,-1.0,0,0,3,0,1,majority_loss
PRISM_BPO_vs_MePO_llama_bpo_deepseek,,94,0.16666666666666666,-0.6666666666666666,0,1,2,1,1,"majority_loss,judge_instability"
PRISM_BPO_vs_MePO_llama_bpo_deepseek,,97,0.3333333333333333,-0.3333333333333333,0,2,1,1,0,judge_instability
PRISM_BPO_vs_MePO_llama_bpo_deepseek,,98,0.0,-1.0,0,0,3,0,1,majority_loss
PRISM_BPO_vs_MePO_llama_bpo_deepseek,,99,0.0,-1.0,0,0,3,0,1,majority_loss
PRISM_BPO_vs_MePO_llama_dolly_deepseek,,102,0.6666666666666666,0.3333333333333333,2,0,1,1,0,judge_instability
PRISM_BPO_vs_MePO_llama_dolly_deepseek,,105,0.0,-1.0,0,0,3,0,1,majority_loss
PRISM_BPO_vs_MePO_llama_dolly_deepseek,,107,0.6666666666666666,0.3333333333333333,1,2,0,1,0,judge_instability
PRISM_BPO_vs_MePO_llama_dolly_deepseek,,109,0.0,-1.0,0,0,3,0,1,majority_loss
PRISM_BPO_vs_MePO_llama_dolly_deepseek,,110,0.6666666666666666,0.3333333333333333,2,0,1,1,0,judge_instability
PRISM_BPO_vs_MePO_llama_dolly_deepseek,,112,0.0,-1.0,0,0,3,0,1,majority_loss
PRISM_BPO_vs_MePO_llama_dolly_deepseek,,114,0.16666666666666666,-0.6666666666666666,0,1,2,1,1,"majority_loss,judge_instability"
PRISM_BPO_vs_MePO_llama_dolly_deepseek,,115,0.6666666666666666,0.3333333333333333,1,2,0,1,0,judge_instability
PRISM_BPO_vs_MePO_llama_dolly_deepseek,,116,0.0,-1.0,0,0,3,0,1,majority_loss
PRISM_BPO_vs_MePO_llama_dolly_deepseek,,118,0.3333333333333333,-0.3333333333333333,0,2,1,1,0,judge_instability
PRISM_BPO_vs_MePO_llama_dolly_deepseek,,119,0.0,-1.0,0,0,3,0,1,majority_loss
PRISM_BPO_vs_MePO_llama_dolly_deepseek,,12,0.0,-1.0,0,0,3,0,1,majority_loss
PRISM_BPO_vs_MePO_llama_dolly_deepseek,,120,0.0,-1.0,0,0,3,0,1,majority_loss
PRISM_BPO_vs_MePO_llama_dolly_deepseek,,122,0.0,-1.0,0,0,3,0,1,majority_loss
PRISM_BPO_vs_MePO_llama_dolly_deepseek,,125,0.0,-1.0,0,0,3,0,1,majority_loss
PRISM_BPO_vs_MePO_llama_dolly_deepseek,,126,0.0,-1.0,0,0,3,0,1,majority_loss
PRISM_BPO_vs_MePO_llama_dolly_deepseek,,127,0.0,-1.0,0,0,3,0,1,majority_loss
PRISM_BPO_vs_MePO_llama_dolly_deepseek,,131,0.0,-1.0,0,0,3,0,1,majority_loss
PRISM_BPO_vs_MePO_llama_dolly_deepseek,,135,0.0,-1.0,0,0,3,0,1,majority_loss
PRISM_BPO_vs_MePO_llama_dolly_deepseek,,136,0.0,-1.0,0,0,3,0,1,majority_loss
PRISM_BPO_vs_MePO_llama_dolly_deepseek,,138,0.0,-1.0,0,0,3,0,1,majority_loss
PRISM_BPO_vs_MePO_llama_dolly_deepseek,,139,0.0,-1.0,0,0,3,0,1,majority_loss
PRISM_BPO_vs_MePO_llama_dolly_deepseek,,140,0.3333333333333333,-0.3333333333333333,1,0,2,1,1,"majority_loss,judge_instability"
PRISM_BPO_vs_MePO_llama_dolly_deepseek,,141,0.8333333333333334,0.6666666666666666,2,1,0,1,0,judge_instability
PRISM_BPO_vs_MePO_llama_dolly_deepseek,,143,0.6666666666666666,0.3333333333333333,1,2,0,1,0,judge_instability
PRISM_BPO_vs_MePO_llama_dolly_deepseek,,144,0.3333333333333333,-0.3333333333333333,0,2,1,1,0,judge_instability
PRISM_BPO_vs_MePO_llama_dolly_deepseek,,147,0.16666666666666666,-0.6666666666666666,0,1,2,1,1,"majority_loss,judge_instability"
PRISM_BPO_vs_MePO_llama_dolly_deepseek,,149,0.16666666666666666,-0.6666666666666666,0,1,2,1,1,"majority_loss,judge_instability"
PRISM_BPO_vs_MePO_llama_dolly_deepseek,,151,0.6666666666666666,0.3333333333333333,1,2,0,1,0,judge_instability
PRISM_BPO_vs_MePO_llama_dolly_deepseek,,153,0.3333333333333333,-0.3333333333333333,0,2,1,1,0,judge_instability
PRISM_BPO_vs_MePO_llama_dolly_deepseek,,161,0.0,-1.0,0,0,3,0,1,majority_loss
PRISM_BPO_vs_MePO_llama_dolly_deepseek,,163,0.0,-1.0,0,0,3,0,1,majority_loss
PRISM_BPO_vs_MePO_llama_dolly_deepseek,,165,0.0,-1.0,0,0,3,0,1,majority_loss
PRISM_BPO_vs_MePO_llama_dolly_deepseek,,169,0.6666666666666666,0.3333333333333333,1,2,0,1,0,judge_instability
PRISM_BPO_vs_MePO_llama_dolly_deepseek,,170,0.0,-1.0,0,0,3,0,1,majority_loss
PRISM_BPO_vs_MePO_llama_dolly_deepseek,,171,0.3333333333333333,-0.3333333333333333,0,2,1,1,0,judge_instability
PRISM_BPO_vs_MePO_llama_dolly_deepseek,,172,0.3333333333333333,-0.3333333333333333,1,0,2,1,1,"majority_loss,judge_instability"
PRISM_BPO_vs_MePO_llama_dolly_deepseek,,173,0.6666666666666666,0.3333333333333333,2,0,1,1,0,judge_instability
PRISM_BPO_vs_MePO_llama_dolly_deepseek,,174,0.0,-1.0,0,0,3,0,1,majority_loss
PRISM_BPO_vs_MePO_llama_dolly_deepseek,,175,0.3333333333333333,-0.3333333333333333,0,2,1,1,0,judge_instability
PRISM_BPO_vs_MePO_llama_dolly_deepseek,,176,0.0,-1.0,0,0,3,0,1,majority_loss
PRISM_BPO_vs_MePO_llama_dolly_deepseek,,18,0.0,-1.0,0,0,3,0,1,majority_loss
PRISM_BPO_vs_MePO_llama_dolly_deepseek,,181,0.6666666666666666,0.3333333333333333,1,2,0,1,0,judge_instability
PRISM_BPO_vs_MePO_llama_dolly_deepseek,,183,0.0,-1.0,0,0,3,0,1,majority_loss
PRISM_BPO_vs_MePO_llama_dolly_deepseek,,189,0.3333333333333333,-0.3333333333333333,0,2,1,1,0,judge_instability
PRISM_BPO_vs_MePO_llama_dolly_deepseek,,19,0.0,-1.0,0,0,3,0,1,majority_loss
PRISM_BPO_vs_MePO_llama_dolly_deepseek,,190,0.0,-1.0,0,0,3,0,1,majority_loss
PRISM_BPO_vs_MePO_llama_dolly_deepseek,,193,0.0,-1.0,0,0,3,0,1,majority_loss
PRISM_BPO_vs_MePO_llama_dolly_deepseek,,195,0.0,-1.0,0,0,3,0,1,majority_loss
PRISM_BPO_vs_MePO_llama_dolly_deepseek,,197,0.3333333333333333,-0.3333333333333333,0,2,1,1,0,judge_instability
PRISM_BPO_vs_MePO_llama_dolly_deepseek,,2,0.0,-1.0,0,0,3,0,1,majority_loss
PRISM_BPO_vs_MePO_llama_dolly_deepseek,,20,0.0,-1.0,0,0,3,0,1,majority_loss
PRISM_BPO_vs_MePO_llama_dolly_deepseek,,200,0.0,-1.0,0,0,3,0,1,majority_loss
PRISM_BPO_vs_MePO_llama_dolly_deepseek,,24,0.0,-1.0,0,0,3,0,1,majority_loss
PRISM_BPO_vs_MePO_llama_dolly_deepseek,,25,0.0,-1.0,0,0,3,0,1,majority_loss
PRISM_BPO_vs_MePO_llama_dolly_deepseek,,27,0.0,-1.0,0,0,3,0,1,majority_loss
PRISM_BPO_vs_MePO_llama_dolly_deepseek,,28,0.16666666666666666,-0.6666666666666666,0,1,2,1,1,"majority_loss,judge_instability"
PRISM_BPO_vs_MePO_llama_dolly_deepseek,,30,0.0,-1.0,0,0,3,0,1,majority_loss
PRISM_BPO_vs_MePO_llama_dolly_deepseek,,32,0.6666666666666666,0.3333333333333333,2,0,1,1,0,judge_instability
PRISM_BPO_vs_MePO_llama_dolly_deepseek,,33,0.0,-1.0,0,0,3,0,1,majority_loss
PRISM_BPO_vs_MePO_llama_dolly_deepseek,,34,0.16666666666666666,-0.6666666666666666,0,1,2,1,1,"majority_loss,judge_instability"
PRISM_BPO_vs_MePO_llama_dolly_deepseek,,37,0.0,-1.0,0,0,3,0,1,majority_loss
PRISM_BPO_vs_MePO_llama_dolly_deepseek,,38,0.0,-1.0,0,0,3,0,1,majority_loss
PRISM_BPO_vs_MePO_llama_dolly_deepseek,,40,0.0,-1.0,0,0,3,0,1,majority_loss
PRISM_BPO_vs_MePO_llama_dolly_deepseek,,43,0.0,-1.0,0,0,3,0,1,majority_loss
PRISM_BPO_vs_MePO_llama_dolly_deepseek,,49,0.0,-1.0,0,0,3,0,1,majority_loss
PRISM_BPO_vs_MePO_llama_dolly_deepseek,,50,0.0,-1.0,0,0,3,0,1,majority_loss
PRISM_BPO_vs_MePO_llama_dolly_deepseek,,51,0.0,-1.0,0,0,3,0,1,majority_loss
PRISM_BPO_vs_MePO_llama_dolly_deepseek,,54,0.0,-1.0,0,0,3,0,1,majority_loss
PRISM_BPO_vs_MePO_llama_dolly_deepseek,,55,0.0,-1.0,0,0,3,0,1,majority_loss
PRISM_BPO_vs_MePO_llama_dolly_deepseek,,59,0.0,-1.0,0,0,3,0,1,majority_loss
PRISM_BPO_vs_MePO_llama_dolly_deepseek,,61,0.0,-1.0,0,0,3,0,1,majority_loss
PRISM_BPO_vs_MePO_llama_dolly_deepseek,,62,0.8333333333333334,0.6666666666666666,2,1,0,1,0,judge_instability
PRISM_BPO_vs_MePO_llama_dolly_deepseek,,65,0.0,-1.0,0,0,3,0,1,majority_loss
PRISM_BPO_vs_MePO_llama_dolly_deepseek,,69,0.0,-1.0,0,0,3,0,1,majority_loss
PRISM_BPO_vs_MePO_llama_dolly_deepseek,,70,0.3333333333333333,-0.3333333333333333,0,2,1,1,0,judge_instability
PRISM_BPO_vs_MePO_llama_dolly_deepseek,,71,0.8333333333333334,0.6666666666666666,2,1,0,1,0,judge_instability
PRISM_BPO_vs_MePO_llama_dolly_deepseek,,78,0.0,-1.0,0,0,3,0,1,majority_loss
PRISM_BPO_vs_MePO_llama_dolly_deepseek,,79,0.0,-1.0,0,0,3,0,1,majority_loss
PRISM_BPO_vs_MePO_llama_dolly_deepseek,,80,0.0,-1.0,0,0,3,0,1,majority_loss
PRISM_BPO_vs_MePO_llama_dolly_deepseek,,82,0.3333333333333333,-0.3333333333333333,0,2,1,1,0,judge_instability
PRISM_BPO_vs_MePO_llama_dolly_deepseek,,84,0.0,-1.0,0,0,3,0,1,majority_loss
PRISM_BPO_vs_MePO_llama_dolly_deepseek,,86,0.8333333333333334,0.6666666666666666,2,1,0,1,0,judge_instability
PRISM_BPO_vs_MePO_llama_dolly_deepseek,,90,0.6666666666666666,0.3333333333333333,2,0,1,1,0,judge_instability
PRISM_BPO_vs_MePO_llama_dolly_deepseek,,95,0.8333333333333334,0.6666666666666666,2,1,0,1,0,judge_instability
PRISM_BPO_vs_MePO_llama_dolly_deepseek,,96,0.6666666666666666,0.3333333333333333,2,0,1,1,0,judge_instability
PRISM_BPO_vs_MePO_llama_dolly_deepseek,,99,0.0,-1.0,0,0,3,0,1,majority_loss
PRISM_BPO_vs_MePO_llama_self_deepseek,,user_oriented_task_10,0.0,-1.0,0,0,3,0,1,majority_loss
PRISM_BPO_vs_MePO_llama_self_deepseek,,user_oriented_task_103,0.0,-1.0,0,0,3,0,1,majority_loss
PRISM_BPO_vs_MePO_llama_self_deepseek,,user_oriented_task_104,0.0,-1.0,0,0,3,0,1,majority_loss
PRISM_BPO_vs_MePO_llama_self_deepseek,,user_oriented_task_109,0.3333333333333333,-0.3333333333333333,0,2,1,1,0,judge_instability
PRISM_BPO_vs_MePO_llama_self_deepseek,,user_oriented_task_110,0.8333333333333334,0.6666666666666666,2,1,0,1,0,judge_instability
PRISM_BPO_vs_MePO_llama_self_deepseek,,user_oriented_task_114,0.0,-1.0,0,0,3,0,1,majority_loss
PRISM_BPO_vs_MePO_llama_self_deepseek,,user_oriented_task_116,0.0,-1.0,0,0,3,0,1,majority_loss
PRISM_BPO_vs_MePO_llama_self_deepseek,,user_oriented_task_118,0.0,-1.0,0,0,3,0,1,majority_loss
PRISM_BPO_vs_MePO_llama_self_deepseek,,user_oriented_task_125,0.0,-1.0,0,0,3,0,1,majority_loss
PRISM_BPO_vs_MePO_llama_self_deepseek,,user_oriented_task_126,0.16666666666666666,-0.6666666666666666,0,1,2,1,1,"majority_loss,judge_instability"
PRISM_BPO_vs_MePO_llama_self_deepseek,,user_oriented_task_127,0.0,-1.0,0,0,3,0,1,majority_loss
PRISM_BPO_vs_MePO_llama_self_deepseek,,user_oriented_task_129,0.0,-1.0,0,0,3,0,1,majority_loss
PRISM_BPO_vs_MePO_llama_self_deepseek,,user_oriented_task_13,0.3333333333333333,-0.3333333333333333,0,2,1,1,0,judge_instability
PRISM_BPO_vs_MePO_llama_self_deepseek,,user_oriented_task_130,0.0,-1.0,0,0,3,0,1,majority_loss
PRISM_BPO_vs_MePO_llama_self_deepseek,,user_oriented_task_131,0.0,-1.0,0,0,3,0,1,majority_loss
PRISM_BPO_vs_MePO_llama_self_deepseek,,user_oriented_task_133,0.0,-1.0,0,0,3,0,1,majority_loss
PRISM_BPO_vs_MePO_llama_self_deepseek,,user_oriented_task_134,0.0,-1.0,0,0,3,0,1,majority_loss
PRISM_BPO_vs_MePO_llama_self_deepseek,,user_oriented_task_139,0.0,-1.0,0,0,3,0,1,majority_loss
PRISM_BPO_vs_MePO_llama_self_deepseek,,user_oriented_task_14,0.0,-1.0,0,0,3,0,1,majority_loss
PRISM_BPO_vs_MePO_llama_self_deepseek,,user_oriented_task_140,0.0,-1.0,0,0,3,0,1,majority_loss
PRISM_BPO_vs_MePO_llama_self_deepseek,,user_oriented_task_141,0.0,-1.0,0,0,3,0,1,majority_loss
PRISM_BPO_vs_MePO_llama_self_deepseek,,user_oriented_task_142,0.0,-1.0,0,0,3,0,1,majority_loss
PRISM_BPO_vs_MePO_llama_self_deepseek,,user_oriented_task_145,0.0,-1.0,0,0,3,0,1,majority_loss
PRISM_BPO_vs_MePO_llama_self_deepseek,,user_oriented_task_15,0.0,-1.0,0,0,3,0,1,majority_loss
PRISM_BPO_vs_MePO_llama_self_deepseek,,user_oriented_task_150,0.0,-1.0,0,0,3,0,1,majority_loss
PRISM_BPO_vs_MePO_llama_self_deepseek,,user_oriented_task_152,0.0,-1.0,0,0,3,0,1,majority_loss
PRISM_BPO_vs_MePO_llama_self_deepseek,,user_oriented_task_154,0.6666666666666666,0.3333333333333333,2,0,1,1,0,judge_instability
PRISM_BPO_vs_MePO_llama_self_deepseek,,user_oriented_task_155,0.0,-1.0,0,0,3,0,1,majority_loss
PRISM_BPO_vs_MePO_llama_self_deepseek,,user_oriented_task_156,0.0,-1.0,0,0,3,0,1,majority_loss
PRISM_BPO_vs_MePO_llama_self_deepseek,,user_oriented_task_157,0.0,-1.0,0,0,3,0,1,majority_loss
PRISM_BPO_vs_MePO_llama_self_deepseek,,user_oriented_task_158,0.0,-1.0,0,0,3,0,1,majority_loss
PRISM_BPO_vs_MePO_llama_self_deepseek,,user_oriented_task_16,0.0,-1.0,0,0,3,0,1,majority_loss
PRISM_BPO_vs_MePO_llama_self_deepseek,,user_oriented_task_160,0.3333333333333333,-0.3333333333333333,0,2,1,1,0,judge_instability
PRISM_BPO_vs_MePO_llama_self_deepseek,,user_oriented_task_166,0.0,-1.0,0,0,3,0,1,majority_loss
PRISM_BPO_vs_MePO_llama_self_deepseek,,user_oriented_task_167,0.16666666666666666,-0.6666666666666666,0,1,2,1,1,"majority_loss,judge_instability"
PRISM_BPO_vs_MePO_llama_self_deepseek,,user_oriented_task_168,0.0,-1.0,0,0,3,0,1,majority_loss
PRISM_BPO_vs_MePO_llama_self_deepseek,,user_oriented_task_169,0.0,-1.0,0,0,3,0,1,majority_loss
PRISM_BPO_vs_MePO_llama_self_deepseek,,user_oriented_task_173,0.0,-1.0,0,0,3,0,1,majority_loss
PRISM_BPO_vs_MePO_llama_self_deepseek,,user_oriented_task_174,0.0,-1.0,0,0,3,0,1,majority_loss
PRISM_BPO_vs_MePO_llama_self_deepseek,,user_oriented_task_177,0.8333333333333334,0.6666666666666666,2,1,0,1,0,judge_instability
PRISM_BPO_vs_MePO_llama_self_deepseek,,user_oriented_task_179,0.0,-1.0,0,0,3,0,1,majority_loss
PRISM_BPO_vs_MePO_llama_self_deepseek,,user_oriented_task_181,0.0,-1.0,0,0,3,0,1,majority_loss
PRISM_BPO_vs_MePO_llama_self_deepseek,,user_oriented_task_183,0.0,-1.0,0,0,3,0,1,majority_loss
PRISM_BPO_vs_MePO_llama_self_deepseek,,user_oriented_task_184,0.0,-1.0,0,0,3,0,1,majority_loss
PRISM_BPO_vs_MePO_llama_self_deepseek,,user_oriented_task_185,0.0,-1.0,0,0,3,0,1,majority_loss
PRISM_BPO_vs_MePO_llama_self_deepseek,,user_oriented_task_187,0.8333333333333334,0.6666666666666666,2,1,0,1,0,judge_instability
PRISM_BPO_vs_MePO_llama_self_deepseek,,user_oriented_task_188,0.0,-1.0,0,0,3,0,1,majority_loss
PRISM_BPO_vs_MePO_llama_self_deepseek,,user_oriented_task_190,0.0,-1.0,0,0,3,0,1,majority_loss
PRISM_BPO_vs_MePO_llama_self_deepseek,,user_oriented_task_192,0.0,-1.0,0,0,3,0,1,majority_loss
PRISM_BPO_vs_MePO_llama_self_deepseek,,user_oriented_task_193,0.0,-1.0,0,0,3,0,1,majority_loss
PRISM_BPO_vs_MePO_llama_self_deepseek,,user_oriented_task_195,0.0,-1.0,0,0,3,0,1,majority_loss
PRISM_BPO_vs_MePO_llama_self_deepseek,,user_oriented_task_2,0.0,-1.0,0,0,3,0,1,majority_loss
PRISM_BPO_vs_MePO_llama_self_deepseek,,user_oriented_task_201,0.0,-1.0,0,0,3,0,1,majority_loss
PRISM_BPO_vs_MePO_llama_self_deepseek,,user_oriented_task_204,0.0,-1.0,0,0,3,0,1,majority_loss
PRISM_BPO_vs_MePO_llama_self_deepseek,,user_oriented_task_206,0.3333333333333333,-0.3333333333333333,0,2,1,1,0,judge_instability
PRISM_BPO_vs_MePO_llama_self_deepseek,,user_oriented_task_207,0.3333333333333333,-0.3333333333333333,0,2,1,1,0,judge_instability
PRISM_BPO_vs_MePO_llama_self_deepseek,,user_oriented_task_208,0.0,-1.0,0,0,3,0,1,majority_loss
PRISM_BPO_vs_MePO_llama_self_deepseek,,user_oriented_task_209,0.8333333333333334,0.6666666666666666,2,1,0,1,0,judge_instability
PRISM_BPO_vs_MePO_llama_self_deepseek,,user_oriented_task_211,0.0,-1.0,0,0,3,0,1,majority_loss
PRISM_BPO_vs_MePO_llama_self_deepseek,,user_oriented_task_215,0.0,-1.0,0,0,3,0,1,majority_loss
PRISM_BPO_vs_MePO_llama_self_deepseek,,user_oriented_task_218,0.3333333333333333,-0.3333333333333333,0,2,1,1,0,judge_instability
PRISM_BPO_vs_MePO_llama_self_deepseek,,user_oriented_task_219,0.0,-1.0,0,0,3,0,1,majority_loss
PRISM_BPO_vs_MePO_llama_self_deepseek,,user_oriented_task_22,0.0,-1.0,0,0,3,0,1,majority_loss
PRISM_BPO_vs_MePO_llama_self_deepseek,,user_oriented_task_220,0.0,-1.0,0,0,3,0,1,majority_loss
PRISM_BPO_vs_MePO_llama_self_deepseek,,user_oriented_task_221,0.0,-1.0,0,0,3,0,1,majority_loss
PRISM_BPO_vs_MePO_llama_self_deepseek,,user_oriented_task_223,0.0,-1.0,0,0,3,0,1,majority_loss
PRISM_BPO_vs_MePO_llama_self_deepseek,,user_oriented_task_224,0.16666666666666666,-0.6666666666666666,0,1,2,1,1,"majority_loss,judge_instability"
PRISM_BPO_vs_MePO_llama_self_deepseek,,user_oriented_task_225,0.0,-1.0,0,0,3,0,1,majority_loss
PRISM_BPO_vs_MePO_llama_self_deepseek,,user_oriented_task_227,0.5,0.0,1,1,1,1,0,judge_instability
PRISM_BPO_vs_MePO_llama_self_deepseek,,user_oriented_task_229,0.0,-1.0,0,0,3,0,1,majority_loss
PRISM_BPO_vs_MePO_llama_self_deepseek,,user_oriented_task_232,0.0,-1.0,0,0,3,0,1,majority_loss
PRISM_BPO_vs_MePO_llama_self_deepseek,,user_oriented_task_233,0.0,-1.0,0,0,3,0,1,majority_loss
PRISM_BPO_vs_MePO_llama_self_deepseek,,user_oriented_task_234,0.0,-1.0,0,0,3,0,1,majority_loss
PRISM_BPO_vs_MePO_llama_self_deepseek,,user_oriented_task_236,0.0,-1.0,0,0,3,0,1,majority_loss
PRISM_BPO_vs_MePO_llama_self_deepseek,,user_oriented_task_237,0.8333333333333334,0.6666666666666666,2,1,0,1,0,judge_instability
PRISM_BPO_vs_MePO_llama_self_deepseek,,user_oriented_task_243,0.0,-1.0,0,0,3,0,1,majority_loss
PRISM_BPO_vs_MePO_llama_self_deepseek,,user_oriented_task_245,0.6666666666666666,0.3333333333333333,2,0,1,1,0,judge_instability
PRISM_BPO_vs_MePO_llama_self_deepseek,,user_oriented_task_248,0.0,-1.0,0,0,3,0,1,majority_loss
PRISM_BPO_vs_MePO_llama_self_deepseek,,user_oriented_task_249,0.0,-1.0,0,0,3,0,1,majority_loss
PRISM_BPO_vs_MePO_llama_self_deepseek,,user_oriented_task_29,0.6666666666666666,0.3333333333333333,1,2,0,1,0,judge_instability
PRISM_BPO_vs_MePO_llama_self_deepseek,,user_oriented_task_3,0.0,-1.0,0,0,3,0,1,majority_loss
PRISM_BPO_vs_MePO_llama_self_deepseek,,user_oriented_task_30,0.0,-1.0,0,0,3,0,1,majority_loss
PRISM_BPO_vs_MePO_llama_self_deepseek,,user_oriented_task_31,0.0,-1.0,0,0,3,0,1,majority_loss
PRISM_BPO_vs_MePO_llama_self_deepseek,,user_oriented_task_32,0.0,-1.0,0,0,3,0,1,majority_loss
PRISM_BPO_vs_MePO_llama_self_deepseek,,user_oriented_task_37,0.0,-1.0,0,0,3,0,1,majority_loss
PRISM_BPO_vs_MePO_llama_self_deepseek,,user_oriented_task_38,0.0,-1.0,0,0,3,0,1,majority_loss
PRISM_BPO_vs_MePO_llama_self_deepseek,,user_oriented_task_39,0.0,-1.0,0,0,3,0,1,majority_loss
PRISM_BPO_vs_MePO_llama_self_deepseek,,user_oriented_task_43,0.6666666666666666,0.3333333333333333,1,2,0,1,0,judge_instability
PRISM_BPO_vs_MePO_llama_self_deepseek,,user_oriented_task_47,0.0,-1.0,0,0,3,0,1,majority_loss
PRISM_BPO_vs_MePO_llama_self_deepseek,,user_oriented_task_48,0.0,-1.0,0,0,3,0,1,majority_loss
PRISM_BPO_vs_MePO_llama_self_deepseek,,user_oriented_task_49,0.8333333333333334,0.6666666666666666,2,1,0,1,0,judge_instability
PRISM_BPO_vs_MePO_llama_self_deepseek,,user_oriented_task_5,0.8333333333333334,0.6666666666666666,2,1,0,1,0,judge_instability
PRISM_BPO_vs_MePO_llama_self_deepseek,,user_oriented_task_52,0.6666666666666666,0.3333333333333333,1,2,0,1,0,judge_instability
PRISM_BPO_vs_MePO_llama_self_deepseek,,user_oriented_task_53,0.0,-1.0,0,0,3,0,1,majority_loss
PRISM_BPO_vs_MePO_llama_self_deepseek,,user_oriented_task_56,0.0,-1.0,0,0,3,0,1,majority_loss
PRISM_BPO_vs_MePO_llama_self_deepseek,,user_oriented_task_59,0.16666666666666666,-0.6666666666666666,0,1,2,1,1,"majority_loss,judge_instability"
PRISM_BPO_vs_MePO_llama_self_deepseek,,user_oriented_task_62,0.0,-1.0,0,0,3,0,1,majority_loss
PRISM_BPO_vs_MePO_llama_self_deepseek,,user_oriented_task_64,0.0,-1.0,0,0,3,0,1,majority_loss
PRISM_BPO_vs_MePO_llama_self_deepseek,,user_oriented_task_67,0.0,-1.0,0,0,3,0,1,majority_loss
PRISM_BPO_vs_MePO_llama_self_deepseek,,user_oriented_task_68,0.0,-1.0,0,0,3,0,1,majority_loss
PRISM_BPO_vs_MePO_llama_self_deepseek,,user_oriented_task_7,0.6666666666666666,0.3333333333333333,2,0,1,1,0,judge_instability
PRISM_BPO_vs_MePO_llama_self_deepseek,,user_oriented_task_71,0.0,-1.0,0,0,3,0,1,majority_loss
PRISM_BPO_vs_MePO_llama_self_deepseek,,user_oriented_task_74,0.0,-1.0,0,0,3,0,1,majority_loss
PRISM_BPO_vs_MePO_llama_self_deepseek,,user_oriented_task_75,0.0,-1.0,0,0,3,0,1,majority_loss
PRISM_BPO_vs_MePO_llama_self_deepseek,,user_oriented_task_76,0.0,-1.0,0,0,3,0,1,majority_loss
PRISM_BPO_vs_MePO_llama_self_deepseek,,user_oriented_task_79,0.0,-1.0,0,0,3,0,1,majority_loss
PRISM_BPO_vs_MePO_llama_self_deepseek,,user_oriented_task_8,0.0,-1.0,0,0,3,0,1,majority_loss
PRISM_BPO_vs_MePO_llama_self_deepseek,,user_oriented_task_81,0.3333333333333333,-0.3333333333333333,1,0,2,1,1,"majority_loss,judge_instability"
PRISM_BPO_vs_MePO_llama_self_deepseek,,user_oriented_task_82,0.0,-1.0,0,0,3,0,1,majority_loss
PRISM_BPO_vs_MePO_llama_self_deepseek,,user_oriented_task_84,0.16666666666666666,-0.6666666666666666,0,1,2,1,1,"majority_loss,judge_instability"
PRISM_BPO_vs_MePO_llama_self_deepseek,,user_oriented_task_86,0.0,-1.0,0,0,3,0,1,majority_loss
PRISM_BPO_vs_MePO_llama_self_deepseek,,user_oriented_task_90,0.16666666666666666,-0.6666666666666666,0,1,2,1,1,"majority_loss,judge_instability"
PRISM_BPO_vs_MePO_llama_self_deepseek,,user_oriented_task_91,0.0,-1.0,0,0,3,0,1,majority_loss
PRISM_BPO_vs_MePO_llama_self_deepseek,,user_oriented_task_95,0.0,-1.0,0,0,3,0,1,majority_loss
PRISM_BPO_vs_MePO_llama_self_deepseek,,user_oriented_task_99,0.0,-1.0,0,0,3,0,1,majority_loss
PRISM_BPO_vs_MePO_llama_vicuna_deepseek,,13,0.0,-1.0,0,0,3,0,1,majority_loss
PRISM_BPO_vs_MePO_llama_vicuna_deepseek,,15,0.0,-1.0,0,0,3,0,1,majority_loss
PRISM_BPO_vs_MePO_llama_vicuna_deepseek,,16,0.0,-1.0,0,0,3,0,1,majority_loss
PRISM_BPO_vs_MePO_llama_vicuna_deepseek,,17,0.8333333333333334,0.6666666666666666,2,1,0,1,0,judge_instability
PRISM_BPO_vs_MePO_llama_vicuna_deepseek,,21,0.16666666666666666,-0.6666666666666666,0,1,2,1,1,"majority_loss,judge_instability"
PRISM_BPO_vs_MePO_llama_vicuna_deepseek,,23,0.0,-1.0,0,0,3,0,1,majority_loss
PRISM_BPO_vs_MePO_llama_vicuna_deepseek,,24,0.0,-1.0,0,0,3,0,1,majority_loss
PRISM_BPO_vs_MePO_llama_vicuna_deepseek,,26,0.8333333333333334,0.6666666666666666,2,1,0,1,0,judge_instability
PRISM_BPO_vs_MePO_llama_vicuna_deepseek,,28,0.0,-1.0,0,0,3,0,1,majority_loss
PRISM_BPO_vs_MePO_llama_vicuna_deepseek,,30,0.0,-1.0,0,0,3,0,1,majority_loss
PRISM_BPO_vs_MePO_llama_vicuna_deepseek,,32,0.0,-1.0,0,0,3,0,1,majority_loss
PRISM_BPO_vs_MePO_llama_vicuna_deepseek,,34,0.0,-1.0,0,0,3,0,1,majority_loss
PRISM_BPO_vs_MePO_llama_vicuna_deepseek,,4,0.5,0.0,1,1,1,1,0,judge_instability
PRISM_BPO_vs_MePO_llama_vicuna_deepseek,,40,0.0,-1.0,0,0,3,0,1,majority_loss
PRISM_BPO_vs_MePO_llama_vicuna_deepseek,,42,0.0,-1.0,0,0,3,0,1,majority_loss
PRISM_BPO_vs_MePO_llama_vicuna_deepseek,,47,0.0,-1.0,0,0,3,0,1,majority_loss
PRISM_BPO_vs_MePO_llama_vicuna_deepseek,,49,0.3333333333333333,-0.3333333333333333,0,2,1,1,0,judge_instability
PRISM_BPO_vs_MePO_llama_vicuna_deepseek,,50,0.0,-1.0,0,0,3,0,1,majority_loss
PRISM_BPO_vs_MePO_llama_vicuna_deepseek,,53,0.0,-1.0,0,0,3,0,1,majority_loss
PRISM_BPO_vs_MePO_llama_vicuna_deepseek,,54,0.0,-1.0,0,0,3,0,1,majority_loss
PRISM_BPO_vs_MePO_llama_vicuna_deepseek,,57,0.8333333333333334,0.6666666666666666,2,1,0,1,0,judge_instability
PRISM_BPO_vs_MePO_llama_vicuna_deepseek,,63,0.0,-1.0,0,0,3,0,1,majority_loss
PRISM_BPO_vs_MePO_llama_vicuna_deepseek,,64,0.0,-1.0,0,0,3,0,1,majority_loss
PRISM_BPO_vs_MePO_llama_vicuna_deepseek,,67,0.16666666666666666,-0.6666666666666666,0,1,2,1,1,"majority_loss,judge_instability"
PRISM_BPO_vs_MePO_llama_vicuna_deepseek,,7,0.0,-1.0,0,0,3,0,1,majority_loss
PRISM_BPO_vs_MePO_llama_vicuna_deepseek,,72,0.0,-1.0,0,0,3,0,1,majority_loss
PRISM_BPO_vs_MePO_llama_vicuna_deepseek,,73,0.0,-1.0,0,0,3,0,1,majority_loss
PRISM_BPO_vs_MePO_llama_vicuna_deepseek,,74,0.0,-1.0,0,0,3,0,1,majority_loss
PRISM_BPO_vs_MePO_llama_vicuna_deepseek,,76,0.0,-1.0,0,0,3,0,1,majority_loss
PRISM_BPO_vs_MePO_llama_vicuna_deepseek,,78,0.0,-1.0,0,0,3,0,1,majority_loss
PRISM_BPO_vs_MePO_vicuna_bpo_deepseek,,10,0.0,-1.0,0,0,3,0,1,majority_loss
PRISM_BPO_vs_MePO_vicuna_bpo_deepseek,,100,0.0,-1.0,0,0,3,0,1,majority_loss
PRISM_BPO_vs_MePO_vicuna_bpo_deepseek,,104,0.0,-1.0,0,0,3,0,1,majority_loss
PRISM_BPO_vs_MePO_vicuna_bpo_deepseek,,107,0.0,-1.0,0,0,3,0,1,majority_loss
PRISM_BPO_vs_MePO_vicuna_bpo_deepseek,,109,0.0,-1.0,0,0,3,0,1,majority_loss
PRISM_BPO_vs_MePO_vicuna_bpo_deepseek,,110,0.0,-1.0,0,0,3,0,1,majority_loss
PRISM_BPO_vs_MePO_vicuna_bpo_deepseek,,111,0.0,-1.0,0,0,3,0,1,majority_loss
PRISM_BPO_vs_MePO_vicuna_bpo_deepseek,,113,0.0,-1.0,0,0,3,0,1,majority_loss
PRISM_BPO_vs_MePO_vicuna_bpo_deepseek,,114,0.3333333333333333,-0.3333333333333333,0,2,1,1,0,judge_instability
PRISM_BPO_vs_MePO_vicuna_bpo_deepseek,,117,0.0,-1.0,0,0,3,0,1,majority_loss
PRISM_BPO_vs_MePO_vicuna_bpo_deepseek,,123,0.0,-1.0,0,0,3,0,1,majority_loss
PRISM_BPO_vs_MePO_vicuna_bpo_deepseek,,124,0.16666666666666666,-0.6666666666666666,0,1,2,1,1,"majority_loss,judge_instability"
PRISM_BPO_vs_MePO_vicuna_bpo_deepseek,,125,0.0,-1.0,0,0,3,0,1,majority_loss
PRISM_BPO_vs_MePO_vicuna_bpo_deepseek,,127,0.0,-1.0,0,0,3,0,1,majority_loss
PRISM_BPO_vs_MePO_vicuna_bpo_deepseek,,130,0.0,-1.0,0,0,3,0,1,majority_loss
PRISM_BPO_vs_MePO_vicuna_bpo_deepseek,,133,0.0,-1.0,0,0,3,0,1,majority_loss
PRISM_BPO_vs_MePO_vicuna_bpo_deepseek,,135,0.0,-1.0,0,0,3,0,1,majority_loss
PRISM_BPO_vs_MePO_vicuna_bpo_deepseek,,137,0.0,-1.0,0,0,3,0,1,majority_loss
PRISM_BPO_vs_MePO_vicuna_bpo_deepseek,,139,0.0,-1.0,0,0,3,0,1,majority_loss
PRISM_BPO_vs_MePO_vicuna_bpo_deepseek,,14,0.0,-1.0,0,0,3,0,1,majority_loss
PRISM_BPO_vs_MePO_vicuna_bpo_deepseek,,140,0.0,-1.0,0,0,3,0,1,majority_loss
PRISM_BPO_vs_MePO_vicuna_bpo_deepseek,,142,0.0,-1.0,0,0,3,0,1,majority_loss
PRISM_BPO_vs_MePO_vicuna_bpo_deepseek,,143,0.0,-1.0,0,0,3,0,1,majority_loss
PRISM_BPO_vs_MePO_vicuna_bpo_deepseek,,146,0.0,-1.0,0,0,3,0,1,majority_loss
PRISM_BPO_vs_MePO_vicuna_bpo_deepseek,,149,0.0,-1.0,0,0,3,0,1,majority_loss
PRISM_BPO_vs_MePO_vicuna_bpo_deepseek,,150,0.0,-1.0,0,0,3,0,1,majority_loss
PRISM_BPO_vs_MePO_vicuna_bpo_deepseek,,152,0.0,-1.0,0,0,3,0,1,majority_loss
PRISM_BPO_vs_MePO_vicuna_bpo_deepseek,,153,0.0,-1.0,0,0,3,0,1,majority_loss
PRISM_BPO_vs_MePO_vicuna_bpo_deepseek,,154,0.0,-1.0,0,0,3,0,1,majority_loss
PRISM_BPO_vs_MePO_vicuna_bpo_deepseek,,155,0.0,-1.0,0,0,3,0,1,majority_loss
PRISM_BPO_vs_MePO_vicuna_bpo_deepseek,,156,0.0,-1.0,0,0,3,0,1,majority_loss
PRISM_BPO_vs_MePO_vicuna_bpo_deepseek,,162,0.0,-1.0,0,0,3,0,1,majority_loss
PRISM_BPO_vs_MePO_vicuna_bpo_deepseek,,17,0.0,-1.0,0,0,3,0,1,majority_loss
PRISM_BPO_vs_MePO_vicuna_bpo_deepseek,,172,0.0,-1.0,0,0,3,0,1,majority_loss
PRISM_BPO_vs_MePO_vicuna_bpo_deepseek,,174,0.0,-1.0,0,0,3,0,1,majority_loss
PRISM_BPO_vs_MePO_vicuna_bpo_deepseek,,175,0.3333333333333333,-0.3333333333333333,0,2,1,1,0,judge_instability
PRISM_BPO_vs_MePO_vicuna_bpo_deepseek,,176,0.0,-1.0,0,0,3,0,1,majority_loss
PRISM_BPO_vs_MePO_vicuna_bpo_deepseek,,177,0.0,-1.0,0,0,3,0,1,majority_loss
PRISM_BPO_vs_MePO_vicuna_bpo_deepseek,,181,0.0,-1.0,0,0,3,0,1,majority_loss
PRISM_BPO_vs_MePO_vicuna_bpo_deepseek,,188,0.0,-1.0,0,0,3,0,1,majority_loss
PRISM_BPO_vs_MePO_vicuna_bpo_deepseek,,189,0.0,-1.0,0,0,3,0,1,majority_loss
PRISM_BPO_vs_MePO_vicuna_bpo_deepseek,,19,0.0,-1.0,0,0,3,0,1,majority_loss
PRISM_BPO_vs_MePO_vicuna_bpo_deepseek,,190,0.3333333333333333,-0.3333333333333333,1,0,2,1,1,"majority_loss,judge_instability"
PRISM_BPO_vs_MePO_vicuna_bpo_deepseek,,191,0.0,-1.0,0,0,3,0,1,majority_loss
PRISM_BPO_vs_MePO_vicuna_bpo_deepseek,,192,0.0,-1.0,0,0,3,0,1,majority_loss
PRISM_BPO_vs_MePO_vicuna_bpo_deepseek,,193,0.0,-1.0,0,0,3,0,1,majority_loss
PRISM_BPO_vs_MePO_vicuna_bpo_deepseek,,196,0.0,-1.0,0,0,3,0,1,majority_loss
PRISM_BPO_vs_MePO_vicuna_bpo_deepseek,,197,0.0,-1.0,0,0,3,0,1,majority_loss
PRISM_BPO_vs_MePO_vicuna_bpo_deepseek,,198,0.0,-1.0,0,0,3,0,1,majority_loss
PRISM_BPO_vs_MePO_vicuna_bpo_deepseek,,21,0.16666666666666666,-0.6666666666666666,0,1,2,1,1,"majority_loss,judge_instability"
PRISM_BPO_vs_MePO_vicuna_bpo_deepseek,,22,0.0,-1.0,0,0,3,0,1,majority_loss
PRISM_BPO_vs_MePO_vicuna_bpo_deepseek,,23,0.0,-1.0,0,0,3,0,1,majority_loss
PRISM_BPO_vs_MePO_vicuna_bpo_deepseek,,24,0.0,-1.0,0,0,3,0,1,majority_loss
PRISM_BPO_vs_MePO_vicuna_bpo_deepseek,,28,0.0,-1.0,0,0,3,0,1,majority_loss
PRISM_BPO_vs_MePO_vicuna_bpo_deepseek,,29,0.0,-1.0,0,0,3,0,1,majority_loss
PRISM_BPO_vs_MePO_vicuna_bpo_deepseek,,3,0.3333333333333333,-0.3333333333333333,0,2,1,1,0,judge_instability
PRISM_BPO_vs_MePO_vicuna_bpo_deepseek,,30,0.3333333333333333,-0.3333333333333333,0,2,1,1,0,judge_instability
PRISM_BPO_vs_MePO_vicuna_bpo_deepseek,,31,0.0,-1.0,0,0,3,0,1,majority_loss
PRISM_BPO_vs_MePO_vicuna_bpo_deepseek,,32,0.0,-1.0,0,0,3,0,1,majority_loss
PRISM_BPO_vs_MePO_vicuna_bpo_deepseek,,33,0.0,-1.0,0,0,3,0,1,majority_loss
PRISM_BPO_vs_MePO_vicuna_bpo_deepseek,,37,0.0,-1.0,0,0,3,0,1,majority_loss
PRISM_BPO_vs_MePO_vicuna_bpo_deepseek,,40,0.0,-1.0,0,0,3,0,1,majority_loss
PRISM_BPO_vs_MePO_vicuna_bpo_deepseek,,42,0.0,-1.0,0,0,3,0,1,majority_loss
PRISM_BPO_vs_MePO_vicuna_bpo_deepseek,,43,0.0,-1.0,0,0,3,0,1,majority_loss
PRISM_BPO_vs_MePO_vicuna_bpo_deepseek,,47,0.3333333333333333,-0.3333333333333333,0,2,1,1,0,judge_instability
PRISM_BPO_vs_MePO_vicuna_bpo_deepseek,,48,0.0,-1.0,0,0,3,0,1,majority_loss
PRISM_BPO_vs_MePO_vicuna_bpo_deepseek,,49,0.0,-1.0,0,0,3,0,1,majority_loss
PRISM_BPO_vs_MePO_vicuna_bpo_deepseek,,5,0.0,-1.0,0,0,3,0,1,majority_loss
PRISM_BPO_vs_MePO_vicuna_bpo_deepseek,,50,0.0,-1.0,0,0,3,0,1,majority_loss
PRISM_BPO_vs_MePO_vicuna_bpo_deepseek,,51,0.16666666666666666,-0.6666666666666666,0,1,2,1,1,"majority_loss,judge_instability"
PRISM_BPO_vs_MePO_vicuna_bpo_deepseek,,53,0.0,-1.0,0,0,3,0,1,majority_loss
PRISM_BPO_vs_MePO_vicuna_bpo_deepseek,,56,0.0,-1.0,0,0,3,0,1,majority_loss
PRISM_BPO_vs_MePO_vicuna_bpo_deepseek,,59,0.16666666666666666,-0.6666666666666666,0,1,2,1,1,"majority_loss,judge_instability"
PRISM_BPO_vs_MePO_vicuna_bpo_deepseek,,62,0.6666666666666666,0.3333333333333333,1,2,0,1,0,judge_instability
PRISM_BPO_vs_MePO_vicuna_bpo_deepseek,,63,0.0,-1.0,0,0,3,0,1,majority_loss
PRISM_BPO_vs_MePO_vicuna_bpo_deepseek,,64,0.0,-1.0,0,0,3,0,1,majority_loss
PRISM_BPO_vs_MePO_vicuna_bpo_deepseek,,65,0.0,-1.0,0,0,3,0,1,majority_loss
PRISM_BPO_vs_MePO_vicuna_bpo_deepseek,,66,0.6666666666666666,0.3333333333333333,1,2,0,1,0,judge_instability
PRISM_BPO_vs_MePO_vicuna_bpo_deepseek,,67,0.8333333333333334,0.6666666666666666,2,1,0,1,0,judge_instability
PRISM_BPO_vs_MePO_vicuna_bpo_deepseek,,70,0.0,-1.0,0,0,3,0,1,majority_loss
PRISM_BPO_vs_MePO_vicuna_bpo_deepseek,,71,0.0,-1.0,0,0,3,0,1,majority_loss
PRISM_BPO_vs_MePO_vicuna_bpo_deepseek,,72,0.0,-1.0,0,0,3,0,1,majority_loss
PRISM_BPO_vs_MePO_vicuna_bpo_deepseek,,74,0.0,-1.0,0,0,3,0,1,majority_loss
PRISM_BPO_vs_MePO_vicuna_bpo_deepseek,,78,0.3333333333333333,-0.3333333333333333,0,2,1,1,0,judge_instability
PRISM_BPO_vs_MePO_vicuna_bpo_deepseek,,79,0.0,-1.0,0,0,3,0,1,majority_loss
PRISM_BPO_vs_MePO_vicuna_bpo_deepseek,,80,0.16666666666666666,-0.6666666666666666,0,1,2,1,1,"majority_loss,judge_instability"
PRISM_BPO_vs_MePO_vicuna_bpo_deepseek,,81,0.0,-1.0,0,0,3,0,1,majority_loss
PRISM_BPO_vs_MePO_vicuna_bpo_deepseek,,85,0.6666666666666666,0.3333333333333333,1,2,0,1,0,judge_instability
PRISM_BPO_vs_MePO_vicuna_bpo_deepseek,,86,0.0,-1.0,0,0,3,0,1,majority_loss
PRISM_BPO_vs_MePO_vicuna_bpo_deepseek,,88,0.0,-1.0,0,0,3,0,1,majority_loss
PRISM_BPO_vs_MePO_vicuna_bpo_deepseek,,89,0.0,-1.0,0,0,3,0,1,majority_loss
PRISM_BPO_vs_MePO_vicuna_bpo_deepseek,,9,0.0,-1.0,0,0,3,0,1,majority_loss
PRISM_BPO_vs_MePO_vicuna_bpo_deepseek,,91,0.0,-1.0,0,0,3,0,1,majority_loss
PRISM_BPO_vs_MePO_vicuna_bpo_deepseek,,93,0.0,-1.0,0,0,3,0,1,majority_loss
PRISM_BPO_vs_MePO_vicuna_bpo_deepseek,,96,0.0,-1.0,0,0,3,0,1,majority_loss
PRISM_BPO_vs_MePO_vicuna_bpo_deepseek,,97,0.0,-1.0,0,0,3,0,1,majority_loss
PRISM_BPO_vs_MePO_vicuna_bpo_deepseek,,98,0.0,-1.0,0,0,3,0,1,majority_loss
PRISM_BPO_vs_MePO_vicuna_bpo_deepseek,,99,0.0,-1.0,0,0,3,0,1,majority_loss
PRISM_BPO_vs_MePO_vicuna_dolly_deepseek,,10,0.0,-1.0,0,0,3,0,1,majority_loss
PRISM_BPO_vs_MePO_vicuna_dolly_deepseek,,101,0.8333333333333334,0.6666666666666666,2,1,0,1,0,judge_instability
PRISM_BPO_vs_MePO_vicuna_dolly_deepseek,,103,0.0,-1.0,0,0,3,0,1,majority_loss
PRISM_BPO_vs_MePO_vicuna_dolly_deepseek,,104,0.0,-1.0,0,0,3,0,1,majority_loss
PRISM_BPO_vs_MePO_vicuna_dolly_deepseek,,108,0.0,-1.0,0,0,3,0,1,majority_loss
PRISM_BPO_vs_MePO_vicuna_dolly_deepseek,,109,0.0,-1.0,0,0,3,0,1,majority_loss
PRISM_BPO_vs_MePO_vicuna_dolly_deepseek,,110,0.0,-1.0,0,0,3,0,1,majority_loss
PRISM_BPO_vs_MePO_vicuna_dolly_deepseek,,116,0.8333333333333334,0.6666666666666666,2,1,0,1,0,judge_instability
PRISM_BPO_vs_MePO_vicuna_dolly_deepseek,,117,0.0,-1.0,0,0,3,0,1,majority_loss
PRISM_BPO_vs_MePO_vicuna_dolly_deepseek,,118,0.0,-1.0,0,0,3,0,1,majority_loss
PRISM_BPO_vs_MePO_vicuna_dolly_deepseek,,120,0.0,-1.0,0,0,3,0,1,majority_loss
PRISM_BPO_vs_MePO_vicuna_dolly_deepseek,,121,0.8333333333333334,0.6666666666666666,2,1,0,1,0,judge_instability
PRISM_BPO_vs_MePO_vicuna_dolly_deepseek,,122,0.8333333333333334,0.6666666666666666,2,1,0,1,0,judge_instability
PRISM_BPO_vs_MePO_vicuna_dolly_deepseek,,123,0.0,-1.0,0,0,3,0,1,majority_loss
PRISM_BPO_vs_MePO_vicuna_dolly_deepseek,,125,0.0,-1.0,0,0,3,0,1,majority_loss
PRISM_BPO_vs_MePO_vicuna_dolly_deepseek,,126,0.3333333333333333,-0.3333333333333333,1,0,2,1,1,"majority_loss,judge_instability"
PRISM_BPO_vs_MePO_vicuna_dolly_deepseek,,127,0.0,-1.0,0,0,3,0,1,majority_loss
PRISM_BPO_vs_MePO_vicuna_dolly_deepseek,,129,0.16666666666666666,-0.6666666666666666,0,1,2,1,1,"majority_loss,judge_instability"
PRISM_BPO_vs_MePO_vicuna_dolly_deepseek,,133,0.3333333333333333,-0.3333333333333333,0,2,1,1,0,judge_instability
PRISM_BPO_vs_MePO_vicuna_dolly_deepseek,,136,0.0,-1.0,0,0,3,0,1,majority_loss
PRISM_BPO_vs_MePO_vicuna_dolly_deepseek,,137,0.3333333333333333,-0.3333333333333333,0,2,1,1,0,judge_instability
PRISM_BPO_vs_MePO_vicuna_dolly_deepseek,,139,0.6666666666666666,0.3333333333333333,1,2,0,1,0,judge_instability
PRISM_BPO_vs_MePO_vicuna_dolly_deepseek,,14,0.3333333333333333,-0.3333333333333333,0,2,1,1,0,judge_instability
PRISM_BPO_vs_MePO_vicuna_dolly_deepseek,,140,0.0,-1.0,0,0,3,0,1,majority_loss
PRISM_BPO_vs_MePO_vicuna_dolly_deepseek,,146,0.8333333333333334,0.6666666666666666,2,1,0,1,0,judge_instability
PRISM_BPO_vs_MePO_vicuna_dolly_deepseek,,151,0.0,-1.0,0,0,3,0,1,majority_loss
PRISM_BPO_vs_MePO_vicuna_dolly_deepseek,,156,0.0,-1.0,0,0,3,0,1,majority_loss
PRISM_BPO_vs_MePO_vicuna_dolly_deepseek,,165,0.0,-1.0,0,0,3,0,1,majority_loss
PRISM_BPO_vs_MePO_vicuna_dolly_deepseek,,167,0.0,-1.0,0,0,3,0,1,majority_loss
PRISM_BPO_vs_MePO_vicuna_dolly_deepseek,,17,0.0,-1.0,0,0,3,0,1,majority_loss
PRISM_BPO_vs_MePO_vicuna_dolly_deepseek,,172,0.0,-1.0,0,0,3,0,1,majority_loss
PRISM_BPO_vs_MePO_vicuna_dolly_deepseek,,173,0.0,-1.0,0,0,3,0,1,majority_loss
PRISM_BPO_vs_MePO_vicuna_dolly_deepseek,,174,0.3333333333333333,-0.3333333333333333,0,2,1,1,0,judge_instability
PRISM_BPO_vs_MePO_vicuna_dolly_deepseek,,180,0.0,-1.0,0,0,3,0,1,majority_loss
PRISM_BPO_vs_MePO_vicuna_dolly_deepseek,,182,0.0,-1.0,0,0,3,0,1,majority_loss
PRISM_BPO_vs_MePO_vicuna_dolly_deepseek,,183,0.0,-1.0,0,0,3,0,1,majority_loss
PRISM_BPO_vs_MePO_vicuna_dolly_deepseek,,184,0.0,-1.0,0,0,3,0,1,majority_loss
PRISM_BPO_vs_MePO_vicuna_dolly_deepseek,,185,0.0,-1.0,0,0,3,0,1,majority_loss
PRISM_BPO_vs_MePO_vicuna_dolly_deepseek,,187,0.0,-1.0,0,0,3,0,1,majority_loss
PRISM_BPO_vs_MePO_vicuna_dolly_deepseek,,189,0.0,-1.0,0,0,3,0,1,majority_loss
PRISM_BPO_vs_MePO_vicuna_dolly_deepseek,,19,0.0,-1.0,0,0,3,0,1,majority_loss
PRISM_BPO_vs_MePO_vicuna_dolly_deepseek,,191,0.6666666666666666,0.3333333333333333,2,0,1,1,0,judge_instability
PRISM_BPO_vs_MePO_vicuna_dolly_deepseek,,193,0.0,-1.0,0,0,3,0,1,majority_loss
PRISM_BPO_vs_MePO_vicuna_dolly_deepseek,,197,0.0,-1.0,0,0,3,0,1,majority_loss
PRISM_BPO_vs_MePO_vicuna_dolly_deepseek,,198,0.6666666666666666,0.3333333333333333,2,0,1,1,0,judge_instability
PRISM_BPO_vs_MePO_vicuna_dolly_deepseek,,199,0.6666666666666666,0.3333333333333333,2,0,1,1,0,judge_instability
PRISM_BPO_vs_MePO_vicuna_dolly_deepseek,,2,0.8333333333333334,0.6666666666666666,2,1,0,1,0,judge_instability
PRISM_BPO_vs_MePO_vicuna_dolly_deepseek,,20,0.16666666666666666,-0.6666666666666666,0,1,2,1,1,"majority_loss,judge_instability"
PRISM_BPO_vs_MePO_vicuna_dolly_deepseek,,200,0.0,-1.0,0,0,3,0,1,majority_loss
PRISM_BPO_vs_MePO_vicuna_dolly_deepseek,,30,0.3333333333333333,-0.3333333333333333,0,2,1,1,0,judge_instability
PRISM_BPO_vs_MePO_vicuna_dolly_deepseek,,32,0.16666666666666666,-0.6666666666666666,0,1,2,1,1,"majority_loss,judge_instability"
PRISM_BPO_vs_MePO_vicuna_dolly_deepseek,,33,0.0,-1.0,0,0,3,0,1,majority_loss
PRISM_BPO_vs_MePO_vicuna_dolly_deepseek,,35,0.6666666666666666,0.3333333333333333,2,0,1,1,0,judge_instability
PRISM_BPO_vs_MePO_vicuna_dolly_deepseek,,38,0.6666666666666666,0.3333333333333333,1,2,0,1,0,judge_instability
PRISM_BPO_vs_MePO_vicuna_dolly_deepseek,,40,0.0,-1.0,0,0,3,0,1,majority_loss
PRISM_BPO_vs_MePO_vicuna_dolly_deepseek,,43,0.6666666666666666,0.3333333333333333,1,2,0,1,0,judge_instability
PRISM_BPO_vs_MePO_vicuna_dolly_deepseek,,44,0.8333333333333334,0.6666666666666666,2,1,0,1,0,judge_instability
PRISM_BPO_vs_MePO_vicuna_dolly_deepseek,,48,0.0,-1.0,0,0,3,0,1,majority_loss
PRISM_BPO_vs_MePO_vicuna_dolly_deepseek,,49,0.0,-1.0,0,0,3,0,1,majority_loss
PRISM_BPO_vs_MePO_vicuna_dolly_deepseek,,54,0.0,-1.0,0,0,3,0,1,majority_loss
PRISM_BPO_vs_MePO_vicuna_dolly_deepseek,,55,0.0,-1.0,0,0,3,0,1,majority_loss
PRISM_BPO_vs_MePO_vicuna_dolly_deepseek,,59,0.0,-1.0,0,0,3,0,1,majority_loss
PRISM_BPO_vs_MePO_vicuna_dolly_deepseek,,60,0.6666666666666666,0.3333333333333333,2,0,1,1,0,judge_instability
PRISM_BPO_vs_MePO_vicuna_dolly_deepseek,,61,0.0,-1.0,0,0,3,0,1,majority_loss
PRISM_BPO_vs_MePO_vicuna_dolly_deepseek,,62,0.3333333333333333,-0.3333333333333333,0,2,1,1,0,judge_instability
PRISM_BPO_vs_MePO_vicuna_dolly_deepseek,,63,0.0,-1.0,0,0,3,0,1,majority_loss
PRISM_BPO_vs_MePO_vicuna_dolly_deepseek,,66,0.0,-1.0,0,0,3,0,1,majority_loss
PRISM_BPO_vs_MePO_vicuna_dolly_deepseek,,68,0.0,-1.0,0,0,3,0,1,majority_loss
PRISM_BPO_vs_MePO_vicuna_dolly_deepseek,,7,0.0,-1.0,0,0,3,0,1,majority_loss
PRISM_BPO_vs_MePO_vicuna_dolly_deepseek,,70,0.0,-1.0,0,0,3,0,1,majority_loss
PRISM_BPO_vs_MePO_vicuna_dolly_deepseek,,75,0.0,-1.0,0,0,3,0,1,majority_loss
PRISM_BPO_vs_MePO_vicuna_dolly_deepseek,,77,0.0,-1.0,0,0,3,0,1,majority_loss
PRISM_BPO_vs_MePO_vicuna_dolly_deepseek,,79,0.8333333333333334,0.6666666666666666,2,1,0,1,0,judge_instability
PRISM_BPO_vs_MePO_vicuna_dolly_deepseek,,80,0.0,-1.0,0,0,3,0,1,majority_loss
PRISM_BPO_vs_MePO_vicuna_dolly_deepseek,,82,0.0,-1.0,0,0,3,0,1,majority_loss
PRISM_BPO_vs_MePO_vicuna_dolly_deepseek,,83,0.0,-1.0,0,0,3,0,1,majority_loss
PRISM_BPO_vs_MePO_vicuna_dolly_deepseek,,85,0.8333333333333334,0.6666666666666666,2,1,0,1,0,judge_instability
PRISM_BPO_vs_MePO_vicuna_dolly_deepseek,,86,0.0,-1.0,0,0,3,0,1,majority_loss
PRISM_BPO_vs_MePO_vicuna_dolly_deepseek,,87,0.8333333333333334,0.6666666666666666,2,1,0,1,0,judge_instability
PRISM_BPO_vs_MePO_vicuna_dolly_deepseek,,88,0.8333333333333334,0.6666666666666666,2,1,0,1,0,judge_instability
PRISM_BPO_vs_MePO_vicuna_dolly_deepseek,,89,0.0,-1.0,0,0,3,0,1,majority_loss
PRISM_BPO_vs_MePO_vicuna_dolly_deepseek,,9,0.6666666666666666,0.3333333333333333,2,0,1,1,0,judge_instability
PRISM_BPO_vs_MePO_vicuna_dolly_deepseek,,93,0.0,-1.0,0,0,3,0,1,majority_loss
PRISM_BPO_vs_MePO_vicuna_dolly_deepseek,,94,0.3333333333333333,-0.3333333333333333,1,0,2,1,1,"majority_loss,judge_instability"
PRISM_BPO_vs_MePO_vicuna_dolly_deepseek,,97,0.0,-1.0,0,0,3,0,1,majority_loss
PRISM_BPO_vs_MePO_vicuna_dolly_deepseek,,98,0.0,-1.0,0,0,3,0,1,majority_loss
PRISM_BPO_vs_MePO_vicuna_self_deepseek,,user_oriented_task_0,0.0,-1.0,0,0,3,0,1,majority_loss
PRISM_BPO_vs_MePO_vicuna_self_deepseek,,user_oriented_task_1,0.0,-1.0,0,0,3,0,1,majority_loss
PRISM_BPO_vs_MePO_vicuna_self_deepseek,,user_oriented_task_10,0.16666666666666666,-0.6666666666666666,0,1,2,1,1,"majority_loss,judge_instability"
PRISM_BPO_vs_MePO_vicuna_self_deepseek,,user_oriented_task_100,0.0,-1.0,0,0,3,0,1,majority_loss
PRISM_BPO_vs_MePO_vicuna_self_deepseek,,user_oriented_task_102,0.8333333333333334,0.6666666666666666,2,1,0,1,0,judge_instability
PRISM_BPO_vs_MePO_vicuna_self_deepseek,,user_oriented_task_103,0.0,-1.0,0,0,3,0,1,majority_loss
PRISM_BPO_vs_MePO_vicuna_self_deepseek,,user_oriented_task_104,0.0,-1.0,0,0,3,0,1,majority_loss
PRISM_BPO_vs_MePO_vicuna_self_deepseek,,user_oriented_task_106,0.3333333333333333,-0.3333333333333333,0,2,1,1,0,judge_instability
PRISM_BPO_vs_MePO_vicuna_self_deepseek,,user_oriented_task_108,0.3333333333333333,-0.3333333333333333,0,2,1,1,0,judge_instability
PRISM_BPO_vs_MePO_vicuna_self_deepseek,,user_oriented_task_109,0.0,-1.0,0,0,3,0,1,majority_loss
PRISM_BPO_vs_MePO_vicuna_self_deepseek,,user_oriented_task_113,0.0,-1.0,0,0,3,0,1,majority_loss
PRISM_BPO_vs_MePO_vicuna_self_deepseek,,user_oriented_task_115,0.8333333333333334,0.6666666666666666,2,1,0,1,0,judge_instability
PRISM_BPO_vs_MePO_vicuna_self_deepseek,,user_oriented_task_116,0.16666666666666666,-0.6666666666666666,0,1,2,1,1,"majority_loss,judge_instability"
PRISM_BPO_vs_MePO_vicuna_self_deepseek,,user_oriented_task_118,0.6666666666666666,0.3333333333333333,1,2,0,1,0,judge_instability
PRISM_BPO_vs_MePO_vicuna_self_deepseek,,user_oriented_task_12,0.16666666666666666,-0.6666666666666666,0,1,2,1,1,"majority_loss,judge_instability"
PRISM_BPO_vs_MePO_vicuna_self_deepseek,,user_oriented_task_121,0.0,-1.0,0,0,3,0,1,majority_loss
PRISM_BPO_vs_MePO_vicuna_self_deepseek,,user_oriented_task_122,0.0,-1.0,0,0,3,0,1,majority_loss
PRISM_BPO_vs_MePO_vicuna_self_deepseek,,user_oriented_task_125,0.0,-1.0,0,0,3,0,1,majority_loss
PRISM_BPO_vs_MePO_vicuna_self_deepseek,,user_oriented_task_126,0.0,-1.0,0,0,3,0,1,majority_loss
PRISM_BPO_vs_MePO_vicuna_self_deepseek,,user_oriented_task_127,0.0,-1.0,0,0,3,0,1,majority_loss
PRISM_BPO_vs_MePO_vicuna_self_deepseek,,user_oriented_task_130,0.0,-1.0,0,0,3,0,1,majority_loss
PRISM_BPO_vs_MePO_vicuna_self_deepseek,,user_oriented_task_131,0.6666666666666666,0.3333333333333333,2,0,1,1,0,judge_instability
PRISM_BPO_vs_MePO_vicuna_self_deepseek,,user_oriented_task_136,0.0,-1.0,0,0,3,0,1,majority_loss
PRISM_BPO_vs_MePO_vicuna_self_deepseek,,user_oriented_task_137,0.0,-1.0,0,0,3,0,1,majority_loss
PRISM_BPO_vs_MePO_vicuna_self_deepseek,,user_oriented_task_138,0.0,-1.0,0,0,3,0,1,majority_loss
PRISM_BPO_vs_MePO_vicuna_self_deepseek,,user_oriented_task_139,0.0,-1.0,0,0,3,0,1,majority_loss
PRISM_BPO_vs_MePO_vicuna_self_deepseek,,user_oriented_task_14,0.0,-1.0,0,0,3,0,1,majority_loss
PRISM_BPO_vs_MePO_vicuna_self_deepseek,,user_oriented_task_140,0.0,-1.0,0,0,3,0,1,majority_loss
PRISM_BPO_vs_MePO_vicuna_self_deepseek,,user_oriented_task_143,0.0,-1.0,0,0,3,0,1,majority_loss
PRISM_BPO_vs_MePO_vicuna_self_deepseek,,user_oriented_task_144,0.0,-1.0,0,0,3,0,1,majority_loss
PRISM_BPO_vs_MePO_vicuna_self_deepseek,,user_oriented_task_145,0.0,-1.0,0,0,3,0,1,majority_loss
PRISM_BPO_vs_MePO_vicuna_self_deepseek,,user_oriented_task_146,0.6666666666666666,0.3333333333333333,1,2,0,1,0,judge_instability
PRISM_BPO_vs_MePO_vicuna_self_deepseek,,user_oriented_task_150,0.6666666666666666,0.3333333333333333,2,0,1,1,0,judge_instability
PRISM_BPO_vs_MePO_vicuna_self_deepseek,,user_oriented_task_153,0.16666666666666666,-0.6666666666666666,0,1,2,1,1,"majority_loss,judge_instability"
PRISM_BPO_vs_MePO_vicuna_self_deepseek,,user_oriented_task_154,0.0,-1.0,0,0,3,0,1,majority_loss
PRISM_BPO_vs_MePO_vicuna_self_deepseek,,user_oriented_task_155,0.0,-1.0,0,0,3,0,1,majority_loss
PRISM_BPO_vs_MePO_vicuna_self_deepseek,,user_oriented_task_157,0.0,-1.0,0,0,3,0,1,majority_loss
PRISM_BPO_vs_MePO_vicuna_self_deepseek,,user_oriented_task_159,0.0,-1.0,0,0,3,0,1,majority_loss
PRISM_BPO_vs_MePO_vicuna_self_deepseek,,user_oriented_task_160,0.0,-1.0,0,0,3,0,1,majority_loss
PRISM_BPO_vs_MePO_vicuna_self_deepseek,,user_oriented_task_161,0.0,-1.0,0,0,3,0,1,majority_loss
PRISM_BPO_vs_MePO_vicuna_self_deepseek,,user_oriented_task_163,0.0,-1.0,0,0,3,0,1,majority_loss
PRISM_BPO_vs_MePO_vicuna_self_deepseek,,user_oriented_task_166,0.0,-1.0,0,0,3,0,1,majority_loss
PRISM_BPO_vs_MePO_vicuna_self_deepseek,,user_oriented_task_167,0.0,-1.0,0,0,3,0,1,majority_loss
PRISM_BPO_vs_MePO_vicuna_self_deepseek,,user_oriented_task_170,0.3333333333333333,-0.3333333333333333,0,2,1,1,0,judge_instability
PRISM_BPO_vs_MePO_vicuna_self_deepseek,,user_oriented_task_182,0.8333333333333334,0.6666666666666666,2,1,0,1,0,judge_instability
PRISM_BPO_vs_MePO_vicuna_self_deepseek,,user_oriented_task_183,0.0,-1.0,0,0,3,0,1,majority_loss
PRISM_BPO_vs_MePO_vicuna_self_deepseek,,user_oriented_task_184,0.0,-1.0,0,0,3,0,1,majority_loss
PRISM_BPO_vs_MePO_vicuna_self_deepseek,,user_oriented_task_19,0.0,-1.0,0,0,3,0,1,majority_loss
PRISM_BPO_vs_MePO_vicuna_self_deepseek,,user_oriented_task_190,0.0,-1.0,0,0,3,0,1,majority_loss
PRISM_BPO_vs_MePO_vicuna_self_deepseek,,user_oriented_task_191,0.0,-1.0,0,0,3,0,1,majority_loss
PRISM_BPO_vs_MePO_vicuna_self_deepseek,,user_oriented_task_192,0.0,-1.0,0,0,3,0,1,majority_loss
PRISM_BPO_vs_MePO_vicuna_self_deepseek,,user_oriented_task_193,0.0,-1.0,0,0,3,0,1,majority_loss
PRISM_BPO_vs_MePO_vicuna_self_deepseek,,user_oriented_task_199,0.0,-1.0,0,0,3,0,1,majority_loss
PRISM_BPO_vs_MePO_vicuna_self_deepseek,,user_oriented_task_2,0.0,-1.0,0,0,3,0,1,majority_loss
PRISM_BPO_vs_MePO_vicuna_self_deepseek,,user_oriented_task_200,0.3333333333333333,-0.3333333333333333,0,2,1,1,0,judge_instability
PRISM_BPO_vs_MePO_vicuna_self_deepseek,,user_oriented_task_204,0.0,-1.0,0,0,3,0,1,majority_loss
PRISM_BPO_vs_MePO_vicuna_self_deepseek,,user_oriented_task_206,0.0,-1.0,0,0,3,0,1,majority_loss
PRISM_BPO_vs_MePO_vicuna_self_deepseek,,user_oriented_task_208,0.0,-1.0,0,0,3,0,1,majority_loss
PRISM_BPO_vs_MePO_vicuna_self_deepseek,,user_oriented_task_21,0.0,-1.0,0,0,3,0,1,majority_loss
PRISM_BPO_vs_MePO_vicuna_self_deepseek,,user_oriented_task_210,0.0,-1.0,0,0,3,0,1,majority_loss
PRISM_BPO_vs_MePO_vicuna_self_deepseek,,user_oriented_task_211,0.0,-1.0,0,0,3,0,1,majority_loss
PRISM_BPO_vs_MePO_vicuna_self_deepseek,,user_oriented_task_212,0.0,-1.0,0,0,3,0,1,majority_loss
PRISM_BPO_vs_MePO_vicuna_self_deepseek,,user_oriented_task_216,0.0,-1.0,0,0,3,0,1,majority_loss
PRISM_BPO_vs_MePO_vicuna_self_deepseek,,user_oriented_task_220,0.6666666666666666,0.3333333333333333,2,0,1,1,0,judge_instability
PRISM_BPO_vs_MePO_vicuna_self_deepseek,,user_oriented_task_221,0.6666666666666666,0.3333333333333333,1,2,0,1,0,judge_instability
PRISM_BPO_vs_MePO_vicuna_self_deepseek,,user_oriented_task_222,0.0,-1.0,0,0,3,0,1,majority_loss
PRISM_BPO_vs_MePO_vicuna_self_deepseek,,user_oriented_task_223,0.0,-1.0,0,0,3,0,1,majority_loss
PRISM_BPO_vs_MePO_vicuna_self_deepseek,,user_oriented_task_225,0.0,-1.0,0,0,3,0,1,majority_loss
PRISM_BPO_vs_MePO_vicuna_self_deepseek,,user_oriented_task_226,0.3333333333333333,-0.3333333333333333,0,2,1,1,0,judge_instability
PRISM_BPO_vs_MePO_vicuna_self_deepseek,,user_oriented_task_229,0.0,-1.0,0,0,3,0,1,majority_loss
PRISM_BPO_vs_MePO_vicuna_self_deepseek,,user_oriented_task_23,0.0,-1.0,0,0,3,0,1,majority_loss
PRISM_BPO_vs_MePO_vicuna_self_deepseek,,user_oriented_task_230,0.8333333333333334,0.6666666666666666,2,1,0,1,0,judge_instability
PRISM_BPO_vs_MePO_vicuna_self_deepseek,,user_oriented_task_234,0.0,-1.0,0,0,3,0,1,majority_loss
PRISM_BPO_vs_MePO_vicuna_self_deepseek,,user_oriented_task_236,0.0,-1.0,0,0,3,0,1,majority_loss
PRISM_BPO_vs_MePO_vicuna_self_deepseek,,user_oriented_task_237,0.3333333333333333,-0.3333333333333333,1,0,2,1,1,"majority_loss,judge_instability"
PRISM_BPO_vs_MePO_vicuna_self_deepseek,,user_oriented_task_24,0.6666666666666666,0.3333333333333333,1,2,0,1,0,judge_instability
PRISM_BPO_vs_MePO_vicuna_self_deepseek,,user_oriented_task_243,0.0,-1.0,0,0,3,0,1,majority_loss
PRISM_BPO_vs_MePO_vicuna_self_deepseek,,user_oriented_task_244,0.0,-1.0,0,0,3,0,1,majority_loss
PRISM_BPO_vs_MePO_vicuna_self_deepseek,,user_oriented_task_246,0.8333333333333334,0.6666666666666666,2,1,0,1,0,judge_instability
PRISM_BPO_vs_MePO_vicuna_self_deepseek,,user_oriented_task_247,0.0,-1.0,0,0,3,0,1,majority_loss
PRISM_BPO_vs_MePO_vicuna_self_deepseek,,user_oriented_task_25,0.0,-1.0,0,0,3,0,1,majority_loss
PRISM_BPO_vs_MePO_vicuna_self_deepseek,,user_oriented_task_250,0.16666666666666666,-0.6666666666666666,0,1,2,1,1,"majority_loss,judge_instability"
PRISM_BPO_vs_MePO_vicuna_self_deepseek,,user_oriented_task_26,0.0,-1.0,0,0,3,0,1,majority_loss
PRISM_BPO_vs_MePO_vicuna_self_deepseek,,user_oriented_task_27,0.3333333333333333,-0.3333333333333333,0,2,1,1,0,judge_instability
PRISM_BPO_vs_MePO_vicuna_self_deepseek,,user_oriented_task_28,0.0,-1.0,0,0,3,0,1,majority_loss
PRISM_BPO_vs_MePO_vicuna_self_deepseek,,user_oriented_task_29,0.0,-1.0,0,0,3,0,1,majority_loss
PRISM_BPO_vs_MePO_vicuna_self_deepseek,,user_oriented_task_33,0.0,-1.0,0,0,3,0,1,majority_loss
PRISM_BPO_vs_MePO_vicuna_self_deepseek,,user_oriented_task_34,0.0,-1.0,0,0,3,0,1,majority_loss
PRISM_BPO_vs_MePO_vicuna_self_deepseek,,user_oriented_task_35,0.0,-1.0,0,0,3,0,1,majority_loss
PRISM_BPO_vs_MePO_vicuna_self_deepseek,,user_oriented_task_37,0.0,-1.0,0,0,3,0,1,majority_loss
PRISM_BPO_vs_MePO_vicuna_self_deepseek,,user_oriented_task_38,0.0,-1.0,0,0,3,0,1,majority_loss
PRISM_BPO_vs_MePO_vicuna_self_deepseek,,user_oriented_task_40,0.0,-1.0,0,0,3,0,1,majority_loss
PRISM_BPO_vs_MePO_vicuna_self_deepseek,,user_oriented_task_44,0.8333333333333334,0.6666666666666666,2,1,0,1,0,judge_instability
PRISM_BPO_vs_MePO_vicuna_self_deepseek,,user_oriented_task_45,0.0,-1.0,0,0,3,0,1,majority_loss
PRISM_BPO_vs_MePO_vicuna_self_deepseek,,user_oriented_task_49,0.3333333333333333,-0.3333333333333333,0,2,1,1,0,judge_instability
PRISM_BPO_vs_MePO_vicuna_self_deepseek,,user_oriented_task_5,0.0,-1.0,0,0,3,0,1,majority_loss
PRISM_BPO_vs_MePO_vicuna_self_deepseek,,user_oriented_task_53,0.3333333333333333,-0.3333333333333333,0,2,1,1,0,judge_instability
PRISM_BPO_vs_MePO_vicuna_self_deepseek,,user_oriented_task_54,0.0,-1.0,0,0,3,0,1,majority_loss
PRISM_BPO_vs_MePO_vicuna_self_deepseek,,user_oriented_task_57,0.16666666666666666,-0.6666666666666666,0,1,2,1,1,"majority_loss,judge_instability"
PRISM_BPO_vs_MePO_vicuna_self_deepseek,,user_oriented_task_58,0.0,-1.0,0,0,3,0,1,majority_loss
PRISM_BPO_vs_MePO_vicuna_self_deepseek,,user_oriented_task_59,0.0,-1.0,0,0,3,0,1,majority_loss
PRISM_BPO_vs_MePO_vicuna_self_deepseek,,user_oriented_task_60,0.5,0.0,1,1,1,1,0,judge_instability
PRISM_BPO_vs_MePO_vicuna_self_deepseek,,user_oriented_task_61,0.0,-1.0,0,0,3,0,1,majority_loss
PRISM_BPO_vs_MePO_vicuna_self_deepseek,,user_oriented_task_63,0.3333333333333333,-0.3333333333333333,0,2,1,1,0,judge_instability
PRISM_BPO_vs_MePO_vicuna_self_deepseek,,user_oriented_task_64,0.0,-1.0,0,0,3,0,1,majority_loss
PRISM_BPO_vs_MePO_vicuna_self_deepseek,,user_oriented_task_66,0.5,0.0,1,1,1,1,0,judge_instability
PRISM_BPO_vs_MePO_vicuna_self_deepseek,,user_oriented_task_67,0.16666666666666666,-0.6666666666666666,0,1,2,1,1,"majority_loss,judge_instability"
PRISM_BPO_vs_MePO_vicuna_self_deepseek,,user_oriented_task_68,0.0,-1.0,0,0,3,0,1,majority_loss
PRISM_BPO_vs_MePO_vicuna_self_deepseek,,user_oriented_task_70,0.0,-1.0,0,0,3,0,1,majority_loss
PRISM_BPO_vs_MePO_vicuna_self_deepseek,,user_oriented_task_71,0.0,-1.0,0,0,3,0,1,majority_loss
PRISM_BPO_vs_MePO_vicuna_self_deepseek,,user_oriented_task_72,0.0,-1.0,0,0,3,0,1,majority_loss
PRISM_BPO_vs_MePO_vicuna_self_deepseek,,user_oriented_task_74,0.0,-1.0,0,0,3,0,1,majority_loss
PRISM_BPO_vs_MePO_vicuna_self_deepseek,,user_oriented_task_75,0.0,-1.0,0,0,3,0,1,majority_loss
PRISM_BPO_vs_MePO_vicuna_self_deepseek,,user_oriented_task_78,0.16666666666666666,-0.6666666666666666,0,1,2,1,1,"majority_loss,judge_instability"
PRISM_BPO_vs_MePO_vicuna_self_deepseek,,user_oriented_task_79,0.0,-1.0,0,0,3,0,1,majority_loss
PRISM_BPO_vs_MePO_vicuna_self_deepseek,,user_oriented_task_82,0.0,-1.0,0,0,3,0,1,majority_loss
PRISM_BPO_vs_MePO_vicuna_self_deepseek,,user_oriented_task_84,0.0,-1.0,0,0,3,0,1,majority_loss
PRISM_BPO_vs_MePO_vicuna_self_deepseek,,user_oriented_task_85,0.6666666666666666,0.3333333333333333,1,2,0,1,0,judge_instability
PRISM_BPO_vs_MePO_vicuna_self_deepseek,,user_oriented_task_86,0.0,-1.0,0,0,3,0,1,majority_loss
PRISM_BPO_vs_MePO_vicuna_self_deepseek,,user_oriented_task_87,0.0,-1.0,0,0,3,0,1,majority_loss
PRISM_BPO_vs_MePO_vicuna_self_deepseek,,user_oriented_task_92,0.3333333333333333,-0.3333333333333333,1,0,2,1,1,"majority_loss,judge_instability"
PRISM_BPO_vs_MePO_vicuna_self_deepseek,,user_oriented_task_94,0.0,-1.0,0,0,3,0,1,majority_loss
PRISM_BPO_vs_MePO_vicuna_self_deepseek,,user_oriented_task_97,0.8333333333333334,0.6666666666666666,2,1,0,1,0,judge_instability
PRISM_BPO_vs_MePO_vicuna_self_deepseek,,user_oriented_task_98,0.8333333333333334,0.6666666666666666,2,1,0,1,0,judge_instability
PRISM_BPO_vs_MePO_vicuna_self_deepseek,,user_oriented_task_99,0.0,-1.0,0,0,3,0,1,majority_loss
PRISM_BPO_vs_MePO_vicuna_vicuna_deepseek,,10,0.5,0.0,1,1,1,1,0,judge_instability
PRISM_BPO_vs_MePO_vicuna_vicuna_deepseek,,14,0.0,-1.0,0,0,3,0,1,majority_loss
PRISM_BPO_vs_MePO_vicuna_vicuna_deepseek,,15,0.0,-1.0,0,0,3,0,1,majority_loss
PRISM_BPO_vs_MePO_vicuna_vicuna_deepseek,,16,0.0,-1.0,0,0,3,0,1,majority_loss
PRISM_BPO_vs_MePO_vicuna_vicuna_deepseek,,18,0.0,-1.0,0,0,3,0,1,majority_loss
PRISM_BPO_vs_MePO_vicuna_vicuna_deepseek,,19,0.0,-1.0,0,0,3,0,1,majority_loss
PRISM_BPO_vs_MePO_vicuna_vicuna_deepseek,,2,0.16666666666666666,-0.6666666666666666,0,1,2,1,1,"majority_loss,judge_instability"
PRISM_BPO_vs_MePO_vicuna_vicuna_deepseek,,20,0.0,-1.0,0,0,3,0,1,majority_loss
PRISM_BPO_vs_MePO_vicuna_vicuna_deepseek,,21,0.16666666666666666,-0.6666666666666666,0,1,2,1,1,"majority_loss,judge_instability"
PRISM_BPO_vs_MePO_vicuna_vicuna_deepseek,,24,0.6666666666666666,0.3333333333333333,2,0,1,1,0,judge_instability
PRISM_BPO_vs_MePO_vicuna_vicuna_deepseek,,26,0.0,-1.0,0,0,3,0,1,majority_loss
PRISM_BPO_vs_MePO_vicuna_vicuna_deepseek,,28,0.0,-1.0,0,0,3,0,1,majority_loss
PRISM_BPO_vs_MePO_vicuna_vicuna_deepseek,,3,0.0,-1.0,0,0,3,0,1,majority_loss
PRISM_BPO_vs_MePO_vicuna_vicuna_deepseek,,30,0.0,-1.0,0,0,3,0,1,majority_loss
PRISM_BPO_vs_MePO_vicuna_vicuna_deepseek,,33,0.0,-1.0,0,0,3,0,1,majority_loss
PRISM_BPO_vs_MePO_vicuna_vicuna_deepseek,,34,0.3333333333333333,-0.3333333333333333,0,2,1,1,0,judge_instability
PRISM_BPO_vs_MePO_vicuna_vicuna_deepseek,,38,0.0,-1.0,0,0,3,0,1,majority_loss
PRISM_BPO_vs_MePO_vicuna_vicuna_deepseek,,39,0.0,-1.0,0,0,3,0,1,majority_loss
PRISM_BPO_vs_MePO_vicuna_vicuna_deepseek,,43,0.0,-1.0,0,0,3,0,1,majority_loss
PRISM_BPO_vs_MePO_vicuna_vicuna_deepseek,,46,0.0,-1.0,0,0,3,0,1,majority_loss
PRISM_BPO_vs_MePO_vicuna_vicuna_deepseek,,47,0.0,-1.0,0,0,3,0,1,majority_loss
PRISM_BPO_vs_MePO_vicuna_vicuna_deepseek,,48,0.8333333333333334,0.6666666666666666,2,1,0,1,0,judge_instability
PRISM_BPO_vs_MePO_vicuna_vicuna_deepseek,,49,0.0,-1.0,0,0,3,0,1,majority_loss
PRISM_BPO_vs_MePO_vicuna_vicuna_deepseek,,51,0.0,-1.0,0,0,3,0,1,majority_loss
PRISM_BPO_vs_MePO_vicuna_vicuna_deepseek,,53,0.0,-1.0,0,0,3,0,1,majority_loss
PRISM_BPO_vs_MePO_vicuna_vicuna_deepseek,,6,0.16666666666666666,-0.6666666666666666,0,1,2,1,1,"majority_loss,judge_instability"
PRISM_BPO_vs_MePO_vicuna_vicuna_deepseek,,60,0.0,-1.0,0,0,3,0,1,majority_loss
PRISM_BPO_vs_MePO_vicuna_vicuna_deepseek,,63,0.0,-1.0,0,0,3,0,1,majority_loss
PRISM_BPO_vs_MePO_vicuna_vicuna_deepseek,,64,0.0,-1.0,0,0,3,0,1,majority_loss
PRISM_BPO_vs_MePO_vicuna_vicuna_deepseek,,66,0.3333333333333333,-0.3333333333333333,1,0,2,1,1,"majority_loss,judge_instability"
PRISM_BPO_vs_MePO_vicuna_vicuna_deepseek,,67,0.0,-1.0,0,0,3,0,1,majority_loss
PRISM_BPO_vs_MePO_vicuna_vicuna_deepseek,,68,0.0,-1.0,0,0,3,0,1,majority_loss
PRISM_BPO_vs_MePO_vicuna_vicuna_deepseek,,70,0.0,-1.0,0,0,3,0,1,majority_loss
PRISM_BPO_vs_MePO_vicuna_vicuna_deepseek,,71,0.0,-1.0,0,0,3,0,1,majority_loss
PRISM_BPO_vs_MePO_vicuna_vicuna_deepseek,,72,0.0,-1.0,0,0,3,0,1,majority_loss
PRISM_BPO_vs_MePO_vicuna_vicuna_deepseek,,73,0.0,-1.0,0,0,3,0,1,majority_loss
PRISM_BPO_vs_MePO_vicuna_vicuna_deepseek,,75,0.5,0.0,1,1,1,1,0,judge_instability
PRISM_BPO_vs_MePO_vicuna_vicuna_deepseek,,76,0.0,-1.0,0,0,3,0,1,majority_loss
PRISM_BPO_vs_MePO_vicuna_vicuna_deepseek,,78,0.8333333333333334,0.6666666666666666,2,1,0,1,0,judge_instability
PRISM_BPO_vs_MePO_vicuna_vicuna_deepseek,,79,0.0,-1.0,0,0,3,0,1,majority_loss
PRISM_BPO_vs_MePO_vicuna_vicuna_deepseek,,80,0.0,-1.0,0,0,3,0,1,majority_loss
PRISM_BPO_vs_MePO_vicuna_vicuna_deepseek,,9,0.0,-1.0,0,0,3,0,1,majority_loss
PRISM_MePO_vs_MePO_gemma_bpo_deepseek,,1,0.8333333333333334,0.6666666666666666,2,1,0,1,0,judge_instability
PRISM_MePO_vs_MePO_gemma_bpo_deepseek,,10,0.6666666666666666,0.3333333333333333,1,2,0,1,0,judge_instability
PRISM_MePO_vs_MePO_gemma_bpo_deepseek,,101,0.0,-1.0,0,0,3,0,1,majority_loss
PRISM_MePO_vs_MePO_gemma_bpo_deepseek,,105,0.0,-1.0,0,0,3,0,1,majority_loss
PRISM_MePO_vs_MePO_gemma_bpo_deepseek,,106,0.3333333333333333,-0.3333333333333333,1,0,2,1,1,"majority_loss,judge_instability"
PRISM_MePO_vs_MePO_gemma_bpo_deepseek,,107,0.0,-1.0,0,0,3,0,1,majority_loss
PRISM_MePO_vs_MePO_gemma_bpo_deepseek,,108,0.8333333333333334,0.6666666666666666,2,1,0,1,0,judge_instability
PRISM_MePO_vs_MePO_gemma_bpo_deepseek,,109,0.16666666666666666,-0.6666666666666666,0,1,2,1,1,"majority_loss,judge_instability"
PRISM_MePO_vs_MePO_gemma_bpo_deepseek,,113,0.3333333333333333,-0.3333333333333333,0,2,1,1,0,judge_instability
PRISM_MePO_vs_MePO_gemma_bpo_deepseek,,114,0.6666666666666666,0.3333333333333333,1,2,0,1,0,judge_instability
PRISM_MePO_vs_MePO_gemma_bpo_deepseek,,115,0.8333333333333334,0.6666666666666666,2,1,0,1,0,judge_instability
PRISM_MePO_vs_MePO_gemma_bpo_deepseek,,117,0.3333333333333333,-0.3333333333333333,0,2,1,1,0,judge_instability
PRISM_MePO_vs_MePO_gemma_bpo_deepseek,,118,0.0,-1.0,0,0,3,0,1,majority_loss
PRISM_MePO_vs_MePO_gemma_bpo_deepseek,,122,0.0,-1.0,0,0,3,0,1,majority_loss
PRISM_MePO_vs_MePO_gemma_bpo_deepseek,,123,0.0,-1.0,0,0,3,0,1,majority_loss
PRISM_MePO_vs_MePO_gemma_bpo_deepseek,,124,0.3333333333333333,-0.3333333333333333,0,2,1,1,0,judge_instability
PRISM_MePO_vs_MePO_gemma_bpo_deepseek,,134,0.0,-1.0,0,0,3,0,1,majority_loss
PRISM_MePO_vs_MePO_gemma_bpo_deepseek,,137,0.0,-1.0,0,0,3,0,1,majority_loss
PRISM_MePO_vs_MePO_gemma_bpo_deepseek,,139,0.0,-1.0,0,0,3,0,1,majority_loss
PRISM_MePO_vs_MePO_gemma_bpo_deepseek,,14,0.0,-1.0,0,0,3,0,1,majority_loss
PRISM_MePO_vs_MePO_gemma_bpo_deepseek,,141,0.16666666666666666,-0.6666666666666666,0,1,2,1,1,"majority_loss,judge_instability"
PRISM_MePO_vs_MePO_gemma_bpo_deepseek,,143,0.0,-1.0,0,0,3,0,1,majority_loss
PRISM_MePO_vs_MePO_gemma_bpo_deepseek,,145,0.3333333333333333,-0.3333333333333333,1,0,2,1,1,"majority_loss,judge_instability"
PRISM_MePO_vs_MePO_gemma_bpo_deepseek,,146,0.0,-1.0,0,0,3,0,1,majority_loss
PRISM_MePO_vs_MePO_gemma_bpo_deepseek,,147,0.0,-1.0,0,0,3,0,1,majority_loss
PRISM_MePO_vs_MePO_gemma_bpo_deepseek,,153,0.6666666666666666,0.3333333333333333,1,2,0,1,0,judge_instability
PRISM_MePO_vs_MePO_gemma_bpo_deepseek,,154,0.0,-1.0,0,0,3,0,1,majority_loss
PRISM_MePO_vs_MePO_gemma_bpo_deepseek,,156,0.0,-1.0,0,0,3,0,1,majority_loss
PRISM_MePO_vs_MePO_gemma_bpo_deepseek,,157,0.0,-1.0,0,0,3,0,1,majority_loss
PRISM_MePO_vs_MePO_gemma_bpo_deepseek,,158,0.0,-1.0,0,0,3,0,1,majority_loss
PRISM_MePO_vs_MePO_gemma_bpo_deepseek,,159,0.0,-1.0,0,0,3,0,1,majority_loss
PRISM_MePO_vs_MePO_gemma_bpo_deepseek,,16,0.3333333333333333,-0.3333333333333333,0,2,1,1,0,judge_instability
PRISM_MePO_vs_MePO_gemma_bpo_deepseek,,164,0.0,-1.0,0,0,3,0,1,majority_loss
PRISM_MePO_vs_MePO_gemma_bpo_deepseek,,165,0.0,-1.0,0,0,3,0,1,majority_loss
PRISM_MePO_vs_MePO_gemma_bpo_deepseek,,172,0.0,-1.0,0,0,3,0,1,majority_loss
PRISM_MePO_vs_MePO_gemma_bpo_deepseek,,18,0.0,-1.0,0,0,3,0,1,majority_loss
PRISM_MePO_vs_MePO_gemma_bpo_deepseek,,180,0.8333333333333334,0.6666666666666666,2,1,0,1,0,judge_instability
PRISM_MePO_vs_MePO_gemma_bpo_deepseek,,183,0.3333333333333333,-0.3333333333333333,1,0,2,1,1,"majority_loss,judge_instability"
PRISM_MePO_vs_MePO_gemma_bpo_deepseek,,184,0.16666666666666666,-0.6666666666666666,0,1,2,1,1,"majority_loss,judge_instability"
PRISM_MePO_vs_MePO_gemma_bpo_deepseek,,188,0.0,-1.0,0,0,3,0,1,majority_loss
PRISM_MePO_vs_MePO_gemma_bpo_deepseek,,189,0.6666666666666666,0.3333333333333333,2,0,1,1,0,judge_instability
PRISM_MePO_vs_MePO_gemma_bpo_deepseek,,196,0.16666666666666666,-0.6666666666666666,0,1,2,1,1,"majority_loss,judge_instability"
PRISM_MePO_vs_MePO_gemma_bpo_deepseek,,197,0.0,-1.0,0,0,3,0,1,majority_loss
PRISM_MePO_vs_MePO_gemma_bpo_deepseek,,199,0.0,-1.0,0,0,3,0,1,majority_loss
PRISM_MePO_vs_MePO_gemma_bpo_deepseek,,2,0.3333333333333333,-0.3333333333333333,0,2,1,1,0,judge_instability
PRISM_MePO_vs_MePO_gemma_bpo_deepseek,,200,0.0,-1.0,0,0,3,0,1,majority_loss
PRISM_MePO_vs_MePO_gemma_bpo_deepseek,,21,0.0,-1.0,0,0,3,0,1,majority_loss
PRISM_MePO_vs_MePO_gemma_bpo_deepseek,,22,0.3333333333333333,-0.3333333333333333,1,0,2,1,1,"majority_loss,judge_instability"
PRISM_MePO_vs_MePO_gemma_bpo_deepseek,,23,0.8333333333333334,0.6666666666666666,2,1,0,1,0,judge_instability
PRISM_MePO_vs_MePO_gemma_bpo_deepseek,,29,0.0,-1.0,0,0,3,0,1,majority_loss
PRISM_MePO_vs_MePO_gemma_bpo_deepseek,,30,0.0,-1.0,0,0,3,0,1,majority_loss
PRISM_MePO_vs_MePO_gemma_bpo_deepseek,,31,0.0,-1.0,0,0,3,0,1,majority_loss
PRISM_MePO_vs_MePO_gemma_bpo_deepseek,,32,0.0,-1.0,0,0,3,0,1,majority_loss
PRISM_MePO_vs_MePO_gemma_bpo_deepseek,,33,0.0,-1.0,0,0,3,0,1,majority_loss
PRISM_MePO_vs_MePO_gemma_bpo_deepseek,,38,0.0,-1.0,0,0,3,0,1,majority_loss
PRISM_MePO_vs_MePO_gemma_bpo_deepseek,,41,0.8333333333333334,0.6666666666666666,2,1,0,1,0,judge_instability
PRISM_MePO_vs_MePO_gemma_bpo_deepseek,,43,0.0,-1.0,0,0,3,0,1,majority_loss
PRISM_MePO_vs_MePO_gemma_bpo_deepseek,,45,0.0,-1.0,0,0,3,0,1,majority_loss
PRISM_MePO_vs_MePO_gemma_bpo_deepseek,,46,0.0,-1.0,0,0,3,0,1,majority_loss
PRISM_MePO_vs_MePO_gemma_bpo_deepseek,,47,0.0,-1.0,0,0,3,0,1,majority_loss
PRISM_MePO_vs_MePO_gemma_bpo_deepseek,,48,0.16666666666666666,-0.6666666666666666,0,1,2,1,1,"majority_loss,judge_instability"
PRISM_MePO_vs_MePO_gemma_bpo_deepseek,,54,0.0,-1.0,0,0,3,0,1,majority_loss
PRISM_MePO_vs_MePO_gemma_bpo_deepseek,,55,0.0,-1.0,0,0,3,0,1,majority_loss
PRISM_MePO_vs_MePO_gemma_bpo_deepseek,,58,0.0,-1.0,0,0,3,0,1,majority_loss
PRISM_MePO_vs_MePO_gemma_bpo_deepseek,,6,0.0,-1.0,0,0,3,0,1,majority_loss
PRISM_MePO_vs_MePO_gemma_bpo_deepseek,,61,0.0,-1.0,0,0,3,0,1,majority_loss
PRISM_MePO_vs_MePO_gemma_bpo_deepseek,,64,0.0,-1.0,0,0,3,0,1,majority_loss
PRISM_MePO_vs_MePO_gemma_bpo_deepseek,,65,0.5,0.0,1,1,1,1,0,judge_instability
PRISM_MePO_vs_MePO_gemma_bpo_deepseek,,67,0.0,-1.0,0,0,3,0,1,majority_loss
PRISM_MePO_vs_MePO_gemma_bpo_deepseek,,7,0.8333333333333334,0.6666666666666666,2,1,0,1,0,judge_instability
PRISM_MePO_vs_MePO_gemma_bpo_deepseek,,72,0.16666666666666666,-0.6666666666666666,0,1,2,1,1,"majority_loss,judge_instability"
PRISM_MePO_vs_MePO_gemma_bpo_deepseek,,80,0.0,-1.0,0,0,3,0,1,majority_loss
PRISM_MePO_vs_MePO_gemma_bpo_deepseek,,81,0.8333333333333334,0.6666666666666666,2,1,0,1,0,judge_instability
PRISM_MePO_vs_MePO_gemma_bpo_deepseek,,84,0.0,-1.0,0,0,3,0,1,majority_loss
PRISM_MePO_vs_MePO_gemma_bpo_deepseek,,85,0.0,-1.0,0,0,3,0,1,majority_loss
PRISM_MePO_vs_MePO_gemma_bpo_deepseek,,88,0.8333333333333334,0.6666666666666666,2,1,0,1,0,judge_instability
PRISM_MePO_vs_MePO_gemma_bpo_deepseek,,89,0.0,-1.0,0,0,3,0,1,majority_loss
PRISM_MePO_vs_MePO_gemma_bpo_deepseek,,90,0.0,-1.0,0,0,3,0,1,majority_loss
PRISM_MePO_vs_MePO_gemma_bpo_deepseek,,92,0.0,-1.0,0,0,3,0,1,majority_loss
PRISM_MePO_vs_MePO_gemma_bpo_deepseek,,93,0.0,-1.0,0,0,3,0,1,majority_loss
PRISM_MePO_vs_MePO_gemma_dolly_deepseek,,1,0.0,-1.0,0,0,3,0,1,majority_loss
PRISM_MePO_vs_MePO_gemma_dolly_deepseek,,103,0.0,-1.0,0,0,3,0,1,majority_loss
PRISM_MePO_vs_MePO_gemma_dolly_deepseek,,104,0.0,-1.0,0,0,3,0,1,majority_loss
PRISM_MePO_vs_MePO_gemma_dolly_deepseek,,111,0.0,-1.0,0,0,3,0,1,majority_loss
PRISM_MePO_vs_MePO_gemma_dolly_deepseek,,112,0.0,-1.0,0,0,3,0,1,majority_loss
PRISM_MePO_vs_MePO_gemma_dolly_deepseek,,114,0.3333333333333333,-0.3333333333333333,1,0,2,1,1,"majority_loss,judge_instability"
PRISM_MePO_vs_MePO_gemma_dolly_deepseek,,116,0.6666666666666666,0.3333333333333333,2,0,1,1,0,judge_instability
PRISM_MePO_vs_MePO_gemma_dolly_deepseek,,117,0.0,-1.0,0,0,3,0,1,majority_loss
PRISM_MePO_vs_MePO_gemma_dolly_deepseek,,119,0.0,-1.0,0,0,3,0,1,majority_loss
PRISM_MePO_vs_MePO_gemma_dolly_deepseek,,12,0.0,-1.0,0,0,3,0,1,majority_loss
PRISM_MePO_vs_MePO_gemma_dolly_deepseek,,121,0.0,-1.0,0,0,3,0,1,majority_loss
PRISM_MePO_vs_MePO_gemma_dolly_deepseek,,122,0.0,-1.0,0,0,3,0,1,majority_loss
PRISM_MePO_vs_MePO_gemma_dolly_deepseek,,125,0.0,-1.0,0,0,3,0,1,majority_loss
PRISM_MePO_vs_MePO_gemma_dolly_deepseek,,126,0.0,-1.0,0,0,3,0,1,majority_loss
PRISM_MePO_vs_MePO_gemma_dolly_deepseek,,128,0.16666666666666666,-0.6666666666666666,0,1,2,1,1,"majority_loss,judge_instability"
PRISM_MePO_vs_MePO_gemma_dolly_deepseek,,130,0.6666666666666666,0.3333333333333333,1,2,0,1,0,judge_instability
PRISM_MePO_vs_MePO_gemma_dolly_deepseek,,131,0.0,-1.0,0,0,3,0,1,majority_loss
PRISM_MePO_vs_MePO_gemma_dolly_deepseek,,136,0.8333333333333334,0.6666666666666666,2,1,0,1,0,judge_instability
PRISM_MePO_vs_MePO_gemma_dolly_deepseek,,14,0.0,-1.0,0,0,3,0,1,majority_loss
PRISM_MePO_vs_MePO_gemma_dolly_deepseek,,140,0.0,-1.0,0,0,3,0,1,majority_loss
PRISM_MePO_vs_MePO_gemma_dolly_deepseek,,141,0.0,-1.0,0,0,3,0,1,majority_loss
PRISM_MePO_vs_MePO_gemma_dolly_deepseek,,145,0.8333333333333334,0.6666666666666666,2,1,0,1,0,judge_instability
PRISM_MePO_vs_MePO_gemma_dolly_deepseek,,148,0.0,-1.0,0,0,3,0,1,majority_loss
PRISM_MePO_vs_MePO_gemma_dolly_deepseek,,15,0.0,-1.0,0,0,3,0,1,majority_loss
PRISM_MePO_vs_MePO_gemma_dolly_deepseek,,151,0.0,-1.0,0,0,3,0,1,majority_loss
PRISM_MePO_vs_MePO_gemma_dolly_deepseek,,152,0.3333333333333333,-0.3333333333333333,0,2,1,1,0,judge_instability
PRISM_MePO_vs_MePO_gemma_dolly_deepseek,,153,0.0,-1.0,0,0,3,0,1,majority_loss
PRISM_MePO_vs_MePO_gemma_dolly_deepseek,,154,0.8333333333333334,0.6666666666666666,2,1,0,1,0,judge_instability
PRISM_MePO_vs_MePO_gemma_dolly_deepseek,,158,0.0,-1.0,0,0,3,0,1,majority_loss
PRISM_MePO_vs_MePO_gemma_dolly_deepseek,,162,0.0,-1.0,0,0,3,0,1,majority_loss
PRISM_MePO_vs_MePO_gemma_dolly_deepseek,,163,0.8333333333333334,0.6666666666666666,2,1,0,1,0,judge_instability
PRISM_MePO_vs_MePO_gemma_dolly_deepseek,,164,0.0,-1.0,0,0,3,0,1,majority_loss
PRISM_MePO_vs_MePO_gemma_dolly_deepseek,,169,0.0,-1.0,0,0,3,0,1,majority_loss
PRISM_MePO_vs_MePO_gemma_dolly_deepseek,,17,0.6666666666666666,0.3333333333333333,2,0,1,1,0,judge_instability
PRISM_MePO_vs_MePO_gemma_dolly_deepseek,,171,0.0,-1.0,0,0,3,0,1,majority_loss
PRISM_MePO_vs_MePO_gemma_dolly_deepseek,,172,0.0,-1.0,0,0,3,0,1,majority_loss
PRISM_MePO_vs_MePO_gemma_dolly_deepseek,,173,0.0,-1.0,0,0,3,0,1,majority_loss
PRISM_MePO_vs_MePO_gemma_dolly_deepseek,,176,0.0,-1.0,0,0,3,0,1,majority_loss
PRISM_MePO_vs_MePO_gemma_dolly_deepseek,,177,0.0,-1.0,0,0,3,0,1,majority_loss
PRISM_MePO_vs_MePO_gemma_dolly_deepseek,,178,0.8333333333333334,0.6666666666666666,2,1,0,1,0,judge_instability
PRISM_MePO_vs_MePO_gemma_dolly_deepseek,,179,0.0,-1.0,0,0,3,0,1,majority_loss
PRISM_MePO_vs_MePO_gemma_dolly_deepseek,,186,0.0,-1.0,0,0,3,0,1,majority_loss
PRISM_MePO_vs_MePO_gemma_dolly_deepseek,,189,0.0,-1.0,0,0,3,0,1,majority_loss
PRISM_MePO_vs_MePO_gemma_dolly_deepseek,,190,0.0,-1.0,0,0,3,0,1,majority_loss
PRISM_MePO_vs_MePO_gemma_dolly_deepseek,,192,0.0,-1.0,0,0,3,0,1,majority_loss
PRISM_MePO_vs_MePO_gemma_dolly_deepseek,,193,0.6666666666666666,0.3333333333333333,1,2,0,1,0,judge_instability
PRISM_MePO_vs_MePO_gemma_dolly_deepseek,,195,0.0,-1.0,0,0,3,0,1,majority_loss
PRISM_MePO_vs_MePO_gemma_dolly_deepseek,,197,0.0,-1.0,0,0,3,0,1,majority_loss
PRISM_MePO_vs_MePO_gemma_dolly_deepseek,,199,0.0,-1.0,0,0,3,0,1,majority_loss
PRISM_MePO_vs_MePO_gemma_dolly_deepseek,,2,0.3333333333333333,-0.3333333333333333,0,2,1,1,0,judge_instability
PRISM_MePO_vs_MePO_gemma_dolly_deepseek,,20,0.0,-1.0,0,0,3,0,1,majority_loss
PRISM_MePO_vs_MePO_gemma_dolly_deepseek,,200,0.0,-1.0,0,0,3,0,1,majority_loss
PRISM_MePO_vs_MePO_gemma_dolly_deepseek,,21,0.16666666666666666,-0.6666666666666666,0,1,2,1,1,"majority_loss,judge_instability"
PRISM_MePO_vs_MePO_gemma_dolly_deepseek,,22,0.0,-1.0,0,0,3,0,1,majority_loss
PRISM_MePO_vs_MePO_gemma_dolly_deepseek,,23,0.0,-1.0,0,0,3,0,1,majority_loss
PRISM_MePO_vs_MePO_gemma_dolly_deepseek,,25,0.0,-1.0,0,0,3,0,1,majority_loss
PRISM_MePO_vs_MePO_gemma_dolly_deepseek,,27,0.0,-1.0,0,0,3,0,1,majority_loss
PRISM_MePO_vs_MePO_gemma_dolly_deepseek,,28,0.0,-1.0,0,0,3,0,1,majority_loss
PRISM_MePO_vs_MePO_gemma_dolly_deepseek,,29,0.0,-1.0,0,0,3,0,1,majority_loss
PRISM_MePO_vs_MePO_gemma_dolly_deepseek,,31,0.0,-1.0,0,0,3,0,1,majority_loss
PRISM_MePO_vs_MePO_gemma_dolly_deepseek,,32,0.8333333333333334,0.6666666666666666,2,1,0,1,0,judge_instability
PRISM_MePO_vs_MePO_gemma_dolly_deepseek,,33,0.0,-1.0,0,0,3,0,1,majority_loss
PRISM_MePO_vs_MePO_gemma_dolly_deepseek,,36,0.16666666666666666,-0.6666666666666666,0,1,2,1,1,"majority_loss,judge_instability"
PRISM_MePO_vs_MePO_gemma_dolly_deepseek,,39,0.0,-1.0,0,0,3,0,1,majority_loss
PRISM_MePO_vs_MePO_gemma_dolly_deepseek,,40,0.3333333333333333,-0.3333333333333333,1,0,2,1,1,"majority_loss,judge_instability"
PRISM_MePO_vs_MePO_gemma_dolly_deepseek,,43,0.3333333333333333,-0.3333333333333333,0,2,1,1,0,judge_instability
PRISM_MePO_vs_MePO_gemma_dolly_deepseek,,47,0.8333333333333334,0.6666666666666666,2,1,0,1,0,judge_instability
PRISM_MePO_vs_MePO_gemma_dolly_deepseek,,48,0.0,-1.0,0,0,3,0,1,majority_loss
PRISM_MePO_vs_MePO_gemma_dolly_deepseek,,49,0.0,-1.0,0,0,3,0,1,majority_loss
PRISM_MePO_vs_MePO_gemma_dolly_deepseek,,50,0.0,-1.0,0,0,3,0,1,majority_loss
PRISM_MePO_vs_MePO_gemma_dolly_deepseek,,52,0.0,-1.0,0,0,3,0,1,majority_loss
PRISM_MePO_vs_MePO_gemma_dolly_deepseek,,55,0.0,-1.0,0,0,3,0,1,majority_loss
PRISM_MePO_vs_MePO_gemma_dolly_deepseek,,59,0.0,-1.0,0,0,3,0,1,majority_loss
PRISM_MePO_vs_MePO_gemma_dolly_deepseek,,6,0.0,-1.0,0,0,3,0,1,majority_loss
PRISM_MePO_vs_MePO_gemma_dolly_deepseek,,60,0.8333333333333334,0.6666666666666666,2,1,0,1,0,judge_instability
PRISM_MePO_vs_MePO_gemma_dolly_deepseek,,61,0.0,-1.0,0,0,3,0,1,majority_loss
PRISM_MePO_vs_MePO_gemma_dolly_deepseek,,62,0.0,-1.0,0,0,3,0,1,majority_loss
PRISM_MePO_vs_MePO_gemma_dolly_deepseek,,64,0.0,-1.0,0,0,3,0,1,majority_loss
PRISM_MePO_vs_MePO_gemma_dolly_deepseek,,66,0.0,-1.0,0,0,3,0,1,majority_loss
PRISM_MePO_vs_MePO_gemma_dolly_deepseek,,68,0.3333333333333333,-0.3333333333333333,0,2,1,1,0,judge_instability
PRISM_MePO_vs_MePO_gemma_dolly_deepseek,,69,0.0,-1.0,0,0,3,0,1,majority_loss
PRISM_MePO_vs_MePO_gemma_dolly_deepseek,,7,0.0,-1.0,0,0,3,0,1,majority_loss
PRISM_MePO_vs_MePO_gemma_dolly_deepseek,,70,0.0,-1.0,0,0,3,0,1,majority_loss
PRISM_MePO_vs_MePO_gemma_dolly_deepseek,,72,0.0,-1.0,0,0,3,0,1,majority_loss
PRISM_MePO_vs_MePO_gemma_dolly_deepseek,,74,0.3333333333333333,-0.3333333333333333,0,2,1,1,0,judge_instability
PRISM_MePO_vs_MePO_gemma_dolly_deepseek,,75,0.3333333333333333,-0.3333333333333333,0,2,1,1,0,judge_instability
PRISM_MePO_vs_MePO_gemma_dolly_deepseek,,77,0.0,-1.0,0,0,3,0,1,majority_loss
PRISM_MePO_vs_MePO_gemma_dolly_deepseek,,8,0.8333333333333334,0.6666666666666666,2,1,0,1,0,judge_instability
PRISM_MePO_vs_MePO_gemma_dolly_deepseek,,83,0.0,-1.0,0,0,3,0,1,majority_loss
PRISM_MePO_vs_MePO_gemma_dolly_deepseek,,85,0.0,-1.0,0,0,3,0,1,majority_loss
PRISM_MePO_vs_MePO_gemma_dolly_deepseek,,86,0.0,-1.0,0,0,3,0,1,majority_loss
PRISM_MePO_vs_MePO_gemma_dolly_deepseek,,87,0.0,-1.0,0,0,3,0,1,majority_loss
PRISM_MePO_vs_MePO_gemma_dolly_deepseek,,88,0.5,0.0,1,1,1,1,0,judge_instability
PRISM_MePO_vs_MePO_gemma_dolly_deepseek,,89,0.0,-1.0,0,0,3,0,1,majority_loss
PRISM_MePO_vs_MePO_gemma_dolly_deepseek,,90,0.0,-1.0,0,0,3,0,1,majority_loss
PRISM_MePO_vs_MePO_gemma_dolly_deepseek,,91,0.8333333333333334,0.6666666666666666,2,1,0,1,0,judge_instability
PRISM_MePO_vs_MePO_gemma_dolly_deepseek,,92,0.0,-1.0,0,0,3,0,1,majority_loss
PRISM_MePO_vs_MePO_gemma_dolly_deepseek,,94,0.6666666666666666,0.3333333333333333,1,2,0,1,0,judge_instability
PRISM_MePO_vs_MePO_gemma_dolly_deepseek,,97,0.6666666666666666,0.3333333333333333,1,2,0,1,0,judge_instability
PRISM_MePO_vs_MePO_gemma_self_deepseek,,user_oriented_task_0,0.8333333333333334,0.6666666666666666,2,1,0,1,0,judge_instability
PRISM_MePO_vs_MePO_gemma_self_deepseek,,user_oriented_task_100,0.0,-1.0,0,0,3,0,1,majority_loss
PRISM_MePO_vs_MePO_gemma_self_deepseek,,user_oriented_task_101,0.0,-1.0,0,0,3,0,1,majority_loss
PRISM_MePO_vs_MePO_gemma_self_deepseek,,user_oriented_task_104,0.0,-1.0,0,0,3,0,1,majority_loss
PRISM_MePO_vs_MePO_gemma_self_deepseek,,user_oriented_task_105,0.0,-1.0,0,0,3,0,1,majority_loss
PRISM_MePO_vs_MePO_gemma_self_deepseek,,user_oriented_task_108,0.3333333333333333,-0.3333333333333333,0,2,1,1,0,judge_instability
PRISM_MePO_vs_MePO_gemma_self_deepseek,,user_oriented_task_109,0.6666666666666666,0.3333333333333333,2,0,1,1,0,judge_instability
PRISM_MePO_vs_MePO_gemma_self_deepseek,,user_oriented_task_11,0.0,-1.0,0,0,3,0,1,majority_loss
PRISM_MePO_vs_MePO_gemma_self_deepseek,,user_oriented_task_113,0.0,-1.0,0,0,3,0,1,majority_loss
PRISM_MePO_vs_MePO_gemma_self_deepseek,,user_oriented_task_115,0.16666666666666666,-0.6666666666666666,0,1,2,1,1,"majority_loss,judge_instability"
PRISM_MePO_vs_MePO_gemma_self_deepseek,,user_oriented_task_119,0.8333333333333334,0.6666666666666666,2,1,0,1,0,judge_instability
PRISM_MePO_vs_MePO_gemma_self_deepseek,,user_oriented_task_126,0.0,-1.0,0,0,3,0,1,majority_loss
PRISM_MePO_vs_MePO_gemma_self_deepseek,,user_oriented_task_128,0.0,-1.0,0,0,3,0,1,majority_loss
PRISM_MePO_vs_MePO_gemma_self_deepseek,,user_oriented_task_13,0.8333333333333334,0.6666666666666666,2,1,0,1,0,judge_instability
PRISM_MePO_vs_MePO_gemma_self_deepseek,,user_oriented_task_134,0.0,-1.0,0,0,3,0,1,majority_loss
PRISM_MePO_vs_MePO_gemma_self_deepseek,,user_oriented_task_135,0.3333333333333333,-0.3333333333333333,0,2,1,1,0,judge_instability
PRISM_MePO_vs_MePO_gemma_self_deepseek,,user_oriented_task_138,0.6666666666666666,0.3333333333333333,1,2,0,1,0,judge_instability
PRISM_MePO_vs_MePO_gemma_self_deepseek,,user_oriented_task_139,0.0,-1.0,0,0,3,0,1,majority_loss
PRISM_MePO_vs_MePO_gemma_self_deepseek,,user_oriented_task_142,0.0,-1.0,0,0,3,0,1,majority_loss
PRISM_MePO_vs_MePO_gemma_self_deepseek,,user_oriented_task_143,0.6666666666666666,0.3333333333333333,1,2,0,1,0,judge_instability
PRISM_MePO_vs_MePO_gemma_self_deepseek,,user_oriented_task_144,0.0,-1.0,0,0,3,0,1,majority_loss
PRISM_MePO_vs_MePO_gemma_self_deepseek,,user_oriented_task_145,0.8333333333333334,0.6666666666666666,2,1,0,1,0,judge_instability
PRISM_MePO_vs_MePO_gemma_self_deepseek,,user_oriented_task_146,0.0,-1.0,0,0,3,0,1,majority_loss
PRISM_MePO_vs_MePO_gemma_self_deepseek,,user_oriented_task_150,0.0,-1.0,0,0,3,0,1,majority_loss
PRISM_MePO_vs_MePO_gemma_self_deepseek,,user_oriented_task_153,0.0,-1.0,0,0,3,0,1,majority_loss
PRISM_MePO_vs_MePO_gemma_self_deepseek,,user_oriented_task_159,0.0,-1.0,0,0,3,0,1,majority_loss
PRISM_MePO_vs_MePO_gemma_self_deepseek,,user_oriented_task_16,0.0,-1.0,0,0,3,0,1,majority_loss
PRISM_MePO_vs_MePO_gemma_self_deepseek,,user_oriented_task_167,0.0,-1.0,0,0,3,0,1,majority_loss
PRISM_MePO_vs_MePO_gemma_self_deepseek,,user_oriented_task_170,0.3333333333333333,-0.3333333333333333,0,2,1,1,0,judge_instability
PRISM_MePO_vs_MePO_gemma_self_deepseek,,user_oriented_task_172,0.0,-1.0,0,0,3,0,1,majority_loss
PRISM_MePO_vs_MePO_gemma_self_deepseek,,user_oriented_task_173,0.0,-1.0,0,0,3,0,1,majority_loss
PRISM_MePO_vs_MePO_gemma_self_deepseek,,user_oriented_task_176,0.0,-1.0,0,0,3,0,1,majority_loss
PRISM_MePO_vs_MePO_gemma_self_deepseek,,user_oriented_task_178,0.8333333333333334,0.6666666666666666,2,1,0,1,0,judge_instability
PRISM_MePO_vs_MePO_gemma_self_deepseek,,user_oriented_task_18,0.0,-1.0,0,0,3,0,1,majority_loss
PRISM_MePO_vs_MePO_gemma_self_deepseek,,user_oriented_task_183,0.0,-1.0,0,0,3,0,1,majority_loss
PRISM_MePO_vs_MePO_gemma_self_deepseek,,user_oriented_task_187,0.0,-1.0,0,0,3,0,1,majority_loss
PRISM_MePO_vs_MePO_gemma_self_deepseek,,user_oriented_task_189,0.0,-1.0,0,0,3,0,1,majority_loss
PRISM_MePO_vs_MePO_gemma_self_deepseek,,user_oriented_task_19,0.0,-1.0,0,0,3,0,1,majority_loss
PRISM_MePO_vs_MePO_gemma_self_deepseek,,user_oriented_task_199,0.8333333333333334,0.6666666666666666,2,1,0,1,0,judge_instability
PRISM_MePO_vs_MePO_gemma_self_deepseek,,user_oriented_task_200,0.0,-1.0,0,0,3,0,1,majority_loss
PRISM_MePO_vs_MePO_gemma_self_deepseek,,user_oriented_task_204,0.0,-1.0,0,0,3,0,1,majority_loss
PRISM_MePO_vs_MePO_gemma_self_deepseek,,user_oriented_task_208,0.6666666666666666,0.3333333333333333,1,2,0,1,0,judge_instability
PRISM_MePO_vs_MePO_gemma_self_deepseek,,user_oriented_task_21,0.3333333333333333,-0.3333333333333333,0,2,1,1,0,judge_instability
PRISM_MePO_vs_MePO_gemma_self_deepseek,,user_oriented_task_213,0.0,-1.0,0,0,3,0,1,majority_loss
PRISM_MePO_vs_MePO_gemma_self_deepseek,,user_oriented_task_220,0.0,-1.0,0,0,3,0,1,majority_loss
PRISM_MePO_vs_MePO_gemma_self_deepseek,,user_oriented_task_224,0.0,-1.0,0,0,3,0,1,majority_loss
PRISM_MePO_vs_MePO_gemma_self_deepseek,,user_oriented_task_227,0.6666666666666666,0.3333333333333333,1,2,0,1,0,judge_instability
PRISM_MePO_vs_MePO_gemma_self_deepseek,,user_oriented_task_228,0.3333333333333333,-0.3333333333333333,1,0,2,1,1,"majority_loss,judge_instability"
PRISM_MePO_vs_MePO_gemma_self_deepseek,,user_oriented_task_229,0.0,-1.0,0,0,3,0,1,majority_loss
PRISM_MePO_vs_MePO_gemma_self_deepseek,,user_oriented_task_23,0.0,-1.0,0,0,3,0,1,majority_loss
PRISM_MePO_vs_MePO_gemma_self_deepseek,,user_oriented_task_230,0.0,-1.0,0,0,3,0,1,majority_loss
PRISM_MePO_vs_MePO_gemma_self_deepseek,,user_oriented_task_231,0.0,-1.0,0,0,3,0,1,majority_loss
PRISM_MePO_vs_MePO_gemma_self_deepseek,,user_oriented_task_232,0.0,-1.0,0,0,3,0,1,majority_loss
PRISM_MePO_vs_MePO_gemma_self_deepseek,,user_oriented_task_239,0.3333333333333333,-0.3333333333333333,0,2,1,1,0,judge_instability
PRISM_MePO_vs_MePO_gemma_self_deepseek,,user_oriented_task_240,0.0,-1.0,0,0,3,0,1,majority_loss
PRISM_MePO_vs_MePO_gemma_self_deepseek,,user_oriented_task_244,0.0,-1.0,0,0,3,0,1,majority_loss
PRISM_MePO_vs_MePO_gemma_self_deepseek,,user_oriented_task_248,0.16666666666666666,-0.6666666666666666,0,1,2,1,1,"majority_loss,judge_instability"
PRISM_MePO_vs_MePO_gemma_self_deepseek,,user_oriented_task_25,0.0,-1.0,0,0,3,0,1,majority_loss
PRISM_MePO_vs_MePO_gemma_self_deepseek,,user_oriented_task_26,0.3333333333333333,-0.3333333333333333,0,2,1,1,0,judge_instability
PRISM_MePO_vs_MePO_gemma_self_deepseek,,user_oriented_task_27,0.0,-1.0,0,0,3,0,1,majority_loss
PRISM_MePO_vs_MePO_gemma_self_deepseek,,user_oriented_task_3,0.6666666666666666,0.3333333333333333,1,2,0,1,0,judge_instability
PRISM_MePO_vs_MePO_gemma_self_deepseek,,user_oriented_task_31,0.0,-1.0,0,0,3,0,1,majority_loss
PRISM_MePO_vs_MePO_gemma_self_deepseek,,user_oriented_task_32,0.0,-1.0,0,0,3,0,1,majority_loss
PRISM_MePO_vs_MePO_gemma_self_deepseek,,user_oriented_task_34,0.0,-1.0,0,0,3,0,1,majority_loss
PRISM_MePO_vs_MePO_gemma_self_deepseek,,user_oriented_task_35,0.0,-1.0,0,0,3,0,1,majority_loss
PRISM_MePO_vs_MePO_gemma_self_deepseek,,user_oriented_task_36,0.0,-1.0,0,0,3,0,1,majority_loss
PRISM_MePO_vs_MePO_gemma_self_deepseek,,user_oriented_task_38,0.16666666666666666,-0.6666666666666666,0,1,2,1,1,"majority_loss,judge_instability"
PRISM_MePO_vs_MePO_gemma_self_deepseek,,user_oriented_task_41,0.0,-1.0,0,0,3,0,1,majority_loss
PRISM_MePO_vs_MePO_gemma_self_deepseek,,user_oriented_task_42,0.0,-1.0,0,0,3,0,1,majority_loss
PRISM_MePO_vs_MePO_gemma_self_deepseek,,user_oriented_task_45,0.0,-1.0,0,0,3,0,1,majority_loss
PRISM_MePO_vs_MePO_gemma_self_deepseek,,user_oriented_task_46,0.8333333333333334,0.6666666666666666,2,1,0,1,0,judge_instability
PRISM_MePO_vs_MePO_gemma_self_deepseek,,user_oriented_task_47,0.0,-1.0,0,0,3,0,1,majority_loss
PRISM_MePO_vs_MePO_gemma_self_deepseek,,user_oriented_task_5,0.0,-1.0,0,0,3,0,1,majority_loss
PRISM_MePO_vs_MePO_gemma_self_deepseek,,user_oriented_task_50,0.0,-1.0,0,0,3,0,1,majority_loss
PRISM_MePO_vs_MePO_gemma_self_deepseek,,user_oriented_task_51,0.0,-1.0,0,0,3,0,1,majority_loss
PRISM_MePO_vs_MePO_gemma_self_deepseek,,user_oriented_task_52,0.6666666666666666,0.3333333333333333,1,2,0,1,0,judge_instability
PRISM_MePO_vs_MePO_gemma_self_deepseek,,user_oriented_task_53,0.8333333333333334,0.6666666666666666,2,1,0,1,0,judge_instability
PRISM_MePO_vs_MePO_gemma_self_deepseek,,user_oriented_task_55,0.6666666666666666,0.3333333333333333,1,2,0,1,0,judge_instability
PRISM_MePO_vs_MePO_gemma_self_deepseek,,user_oriented_task_57,0.6666666666666666,0.3333333333333333,1,2,0,1,0,judge_instability
PRISM_MePO_vs_MePO_gemma_self_deepseek,,user_oriented_task_61,0.0,-1.0,0,0,3,0,1,majority_loss
PRISM_MePO_vs_MePO_gemma_self_deepseek,,user_oriented_task_62,0.0,-1.0,0,0,3,0,1,majority_loss
PRISM_MePO_vs_MePO_gemma_self_deepseek,,user_oriented_task_64,0.0,-1.0,0,0,3,0,1,majority_loss
PRISM_MePO_vs_MePO_gemma_self_deepseek,,user_oriented_task_67,0.0,-1.0,0,0,3,0,1,majority_loss
PRISM_MePO_vs_MePO_gemma_self_deepseek,,user_oriented_task_68,0.0,-1.0,0,0,3,0,1,majority_loss
PRISM_MePO_vs_MePO_gemma_self_deepseek,,user_oriented_task_69,0.0,-1.0,0,0,3,0,1,majority_loss
PRISM_MePO_vs_MePO_gemma_self_deepseek,,user_oriented_task_7,0.0,-1.0,0,0,3,0,1,majority_loss
PRISM_MePO_vs_MePO_gemma_self_deepseek,,user_oriented_task_71,0.0,-1.0,0,0,3,0,1,majority_loss
PRISM_MePO_vs_MePO_gemma_self_deepseek,,user_oriented_task_73,0.0,-1.0,0,0,3,0,1,majority_loss
PRISM_MePO_vs_MePO_gemma_self_deepseek,,user_oriented_task_74,0.16666666666666666,-0.6666666666666666,0,1,2,1,1,"majority_loss,judge_instability"
PRISM_MePO_vs_MePO_gemma_self_deepseek,,user_oriented_task_76,0.8333333333333334,0.6666666666666666,2,1,0,1,0,judge_instability
PRISM_MePO_vs_MePO_gemma_self_deepseek,,user_oriented_task_77,0.0,-1.0,0,0,3,0,1,majority_loss
PRISM_MePO_vs_MePO_gemma_self_deepseek,,user_oriented_task_79,0.6666666666666666,0.3333333333333333,1,2,0,1,0,judge_instability
PRISM_MePO_vs_MePO_gemma_self_deepseek,,user_oriented_task_84,0.0,-1.0,0,0,3,0,1,majority_loss
PRISM_MePO_vs_MePO_gemma_self_deepseek,,user_oriented_task_85,0.0,-1.0,0,0,3,0,1,majority_loss
PRISM_MePO_vs_MePO_gemma_self_deepseek,,user_oriented_task_87,0.0,-1.0,0,0,3,0,1,majority_loss
PRISM_MePO_vs_MePO_gemma_self_deepseek,,user_oriented_task_88,0.8333333333333334,0.6666666666666666,2,1,0,1,0,judge_instability
PRISM_MePO_vs_MePO_gemma_self_deepseek,,user_oriented_task_9,0.0,-1.0,0,0,3,0,1,majority_loss
PRISM_MePO_vs_MePO_gemma_self_deepseek,,user_oriented_task_90,0.0,-1.0,0,0,3,0,1,majority_loss
PRISM_MePO_vs_MePO_gemma_self_deepseek,,user_oriented_task_91,0.16666666666666666,-0.6666666666666666,0,1,2,1,1,"majority_loss,judge_instability"
PRISM_MePO_vs_MePO_gemma_self_deepseek,,user_oriented_task_92,0.8333333333333334,0.6666666666666666,2,1,0,1,0,judge_instability
PRISM_MePO_vs_MePO_gemma_self_deepseek,,user_oriented_task_94,0.8333333333333334,0.6666666666666666,2,1,0,1,0,judge_instability
PRISM_MePO_vs_MePO_gemma_self_deepseek,,user_oriented_task_96,0.0,-1.0,0,0,3,0,1,majority_loss
PRISM_MePO_vs_MePO_gemma_vicuna_deepseek,,1,0.8333333333333334,0.6666666666666666,2,1,0,1,0,judge_instability
PRISM_MePO_vs_MePO_gemma_vicuna_deepseek,,12,0.8333333333333334,0.6666666666666666,2,1,0,1,0,judge_instability
PRISM_MePO_vs_MePO_gemma_vicuna_deepseek,,15,0.3333333333333333,-0.3333333333333333,0,2,1,1,0,judge_instability
PRISM_MePO_vs_MePO_gemma_vicuna_deepseek,,16,0.0,-1.0,0,0,3,0,1,majority_loss
PRISM_MePO_vs_MePO_gemma_vicuna_deepseek,,20,0.6666666666666666,0.3333333333333333,1,2,0,1,0,judge_instability
PRISM_MePO_vs_MePO_gemma_vicuna_deepseek,,21,0.0,-1.0,0,0,3,0,1,majority_loss
PRISM_MePO_vs_MePO_gemma_vicuna_deepseek,,23,0.6666666666666666,0.3333333333333333,2,0,1,1,0,judge_instability
PRISM_MePO_vs_MePO_gemma_vicuna_deepseek,,24,0.8333333333333334,0.6666666666666666,2,1,0,1,0,judge_instability
PRISM_MePO_vs_MePO_gemma_vicuna_deepseek,,25,0.6666666666666666,0.3333333333333333,1,2,0,1,0,judge_instability
PRISM_MePO_vs_MePO_gemma_vicuna_deepseek,,26,0.3333333333333333,-0.3333333333333333,1,0,2,1,1,"majority_loss,judge_instability"
PRISM_MePO_vs_MePO_gemma_vicuna_deepseek,,29,0.0,-1.0,0,0,3,0,1,majority_loss
PRISM_MePO_vs_MePO_gemma_vicuna_deepseek,,31,0.0,-1.0,0,0,3,0,1,majority_loss
PRISM_MePO_vs_MePO_gemma_vicuna_deepseek,,35,0.6666666666666666,0.3333333333333333,1,2,0,1,0,judge_instability
PRISM_MePO_vs_MePO_gemma_vicuna_deepseek,,38,0.0,-1.0,0,0,3,0,1,majority_loss
PRISM_MePO_vs_MePO_gemma_vicuna_deepseek,,42,0.0,-1.0,0,0,3,0,1,majority_loss
PRISM_MePO_vs_MePO_gemma_vicuna_deepseek,,43,0.0,-1.0,0,0,3,0,1,majority_loss
PRISM_MePO_vs_MePO_gemma_vicuna_deepseek,,46,0.0,-1.0,0,0,3,0,1,majority_loss
PRISM_MePO_vs_MePO_gemma_vicuna_deepseek,,47,0.0,-1.0,0,0,3,0,1,majority_loss
PRISM_MePO_vs_MePO_gemma_vicuna_deepseek,,48,0.6666666666666666,0.3333333333333333,1,2,0,1,0,judge_instability
PRISM_MePO_vs_MePO_gemma_vicuna_deepseek,,49,0.6666666666666666,0.3333333333333333,2,0,1,1,0,judge_instability
PRISM_MePO_vs_MePO_gemma_vicuna_deepseek,,50,0.8333333333333334,0.6666666666666666,2,1,0,1,0,judge_instability
PRISM_MePO_vs_MePO_gemma_vicuna_deepseek,,52,0.3333333333333333,-0.3333333333333333,0,2,1,1,0,judge_instability
PRISM_MePO_vs_MePO_gemma_vicuna_deepseek,,55,0.3333333333333333,-0.3333333333333333,0,2,1,1,0,judge_instability
PRISM_MePO_vs_MePO_gemma_vicuna_deepseek,,57,0.0,-1.0,0,0,3,0,1,majority_loss
PRISM_MePO_vs_MePO_gemma_vicuna_deepseek,,63,0.16666666666666666,-0.6666666666666666,0,1,2,1,1,"majority_loss,judge_instability"
PRISM_MePO_vs_MePO_gemma_vicuna_deepseek,,64,0.8333333333333334,0.6666666666666666,2,1,0,1,0,judge_instability
PRISM_MePO_vs_MePO_gemma_vicuna_deepseek,,7,0.0,-1.0,0,0,3,0,1,majority_loss
PRISM_MePO_vs_MePO_gemma_vicuna_deepseek,,72,0.8333333333333334,0.6666666666666666,2,1,0,1,0,judge_instability
PRISM_MePO_vs_MePO_gemma_vicuna_deepseek,,74,0.6666666666666666,0.3333333333333333,1,2,0,1,0,judge_instability
PRISM_MePO_vs_MePO_gemma_vicuna_deepseek,,77,0.8333333333333334,0.6666666666666666,2,1,0,1,0,judge_instability
PRISM_MePO_vs_MePO_llama_bpo_deepseek,,10,0.0,-1.0,0,0,3,0,1,majority_loss
PRISM_MePO_vs_MePO_llama_bpo_deepseek,,101,0.0,-1.0,0,0,3,0,1,majority_loss
PRISM_MePO_vs_MePO_llama_bpo_deepseek,,105,0.0,-1.0,0,0,3,0,1,majority_loss
PRISM_MePO_vs_MePO_llama_bpo_deepseek,,106,0.0,-1.0,0,0,3,0,1,majority_loss
PRISM_MePO_vs_MePO_llama_bpo_deepseek,,107,0.0,-1.0,0,0,3,0,1,majority_loss
PRISM_MePO_vs_MePO_llama_bpo_deepseek,,108,0.0,-1.0,0,0,3,0,1,majority_loss
PRISM_MePO_vs_MePO_llama_bpo_deepseek,,109,0.0,-1.0,0,0,3,0,1,majority_loss
PRISM_MePO_vs_MePO_llama_bpo_deepseek,,11,0.0,-1.0,0,0,3,0,1,majority_loss
PRISM_MePO_vs_MePO_llama_bpo_deepseek,,111,0.8333333333333334,0.6666666666666666,2,1,0,1,0,judge_instability
PRISM_MePO_vs_MePO_llama_bpo_deepseek,,112,0.0,-1.0,0,0,3,0,1,majority_loss
PRISM_MePO_vs_MePO_llama_bpo_deepseek,,117,0.16666666666666666,-0.6666666666666666,0,1,2,1,1,"majority_loss,judge_instability"
PRISM_MePO_vs_MePO_llama_bpo_deepseek,,12,0.6666666666666666,0.3333333333333333,1,2,0,1,0,judge_instability
PRISM_MePO_vs_MePO_llama_bpo_deepseek,,122,0.0,-1.0,0,0,3,0,1,majority_loss
PRISM_MePO_vs_MePO_llama_bpo_deepseek,,123,0.0,-1.0,0,0,3,0,1,majority_loss
PRISM_MePO_vs_MePO_llama_bpo_deepseek,,124,0.3333333333333333,-0.3333333333333333,0,2,1,1,0,judge_instability
PRISM_MePO_vs_MePO_llama_bpo_deepseek,,127,0.0,-1.0,0,0,3,0,1,majority_loss
PRISM_MePO_vs_MePO_llama_bpo_deepseek,,129,0.0,-1.0,0,0,3,0,1,majority_loss
PRISM_MePO_vs_MePO_llama_bpo_deepseek,,132,0.0,-1.0,0,0,3,0,1,majority_loss
PRISM_MePO_vs_MePO_llama_bpo_deepseek,,134,0.0,-1.0,0,0,3,0,1,majority_loss
PRISM_MePO_vs_MePO_llama_bpo_deepseek,,135,0.0,-1.0,0,0,3,0,1,majority_loss
PRISM_MePO_vs_MePO_llama_bpo_deepseek,,136,0.0,-1.0,0,0,3,0,1,majority_loss
PRISM_MePO_vs_MePO_llama_bpo_deepseek,,138,0.0,-1.0,0,0,3,0,1,majority_loss
PRISM_MePO_vs_MePO_llama_bpo_deepseek,,14,0.0,-1.0,0,0,3,0,1,majority_loss
PRISM_MePO_vs_MePO_llama_bpo_deepseek,,142,0.0,-1.0,0,0,3,0,1,majority_loss
PRISM_MePO_vs_MePO_llama_bpo_deepseek,,143,0.3333333333333333,-0.3333333333333333,0,2,1,1,0,judge_instability
PRISM_MePO_vs_MePO_llama_bpo_deepseek,,145,0.0,-1.0,0,0,3,0,1,majority_loss
PRISM_MePO_vs_MePO_llama_bpo_deepseek,,146,0.0,-1.0,0,0,3,0,1,majority_loss
PRISM_MePO_vs_MePO_llama_bpo_deepseek,,149,0.0,-1.0,0,0,3,0,1,majority_loss
PRISM_MePO_vs_MePO_llama_bpo_deepseek,,150,0.0,-1.0,0,0,3,0,1,majority_loss
PRISM_MePO_vs_MePO_llama_bpo_deepseek,,152,0.0,-1.0,0,0,3,0,1,majority_loss
PRISM_MePO_vs_MePO_llama_bpo_deepseek,,153,0.0,-1.0,0,0,3,0,1,majority_loss
PRISM_MePO_vs_MePO_llama_bpo_deepseek,,154,0.0,-1.0,0,0,3,0,1,majority_loss
PRISM_MePO_vs_MePO_llama_bpo_deepseek,,156,0.0,-1.0,0,0,3,0,1,majority_loss
PRISM_MePO_vs_MePO_llama_bpo_deepseek,,157,0.0,-1.0,0,0,3,0,1,majority_loss
PRISM_MePO_vs_MePO_llama_bpo_deepseek,,158,0.16666666666666666,-0.6666666666666666,0,1,2,1,1,"majority_loss,judge_instability"
PRISM_MePO_vs_MePO_llama_bpo_deepseek,,159,0.0,-1.0,0,0,3,0,1,majority_loss
PRISM_MePO_vs_MePO_llama_bpo_deepseek,,16,0.0,-1.0,0,0,3,0,1,majority_loss
PRISM_MePO_vs_MePO_llama_bpo_deepseek,,160,0.16666666666666666,-0.6666666666666666,0,1,2,1,1,"majority_loss,judge_instability"
PRISM_MePO_vs_MePO_llama_bpo_deepseek,,161,0.0,-1.0,0,0,3,0,1,majority_loss
PRISM_MePO_vs_MePO_llama_bpo_deepseek,,163,0.0,-1.0,0,0,3,0,1,majority_loss
PRISM_MePO_vs_MePO_llama_bpo_deepseek,,165,0.8333333333333334,0.6666666666666666,2,1,0,1,0,judge_instability
PRISM_MePO_vs_MePO_llama_bpo_deepseek,,168,0.3333333333333333,-0.3333333333333333,0,2,1,1,0,judge_instability
PRISM_MePO_vs_MePO_llama_bpo_deepseek,,169,0.0,-1.0,0,0,3,0,1,majority_loss
PRISM_MePO_vs_MePO_llama_bpo_deepseek,,171,0.0,-1.0,0,0,3,0,1,majority_loss
PRISM_MePO_vs_MePO_llama_bpo_deepseek,,172,0.0,-1.0,0,0,3,0,1,majority_loss
PRISM_MePO_vs_MePO_llama_bpo_deepseek,,174,0.16666666666666666,-0.6666666666666666,0,1,2,1,1,"majority_loss,judge_instability"
PRISM_MePO_vs_MePO_llama_bpo_deepseek,,175,0.6666666666666666,0.3333333333333333,2,0,1,1,0,judge_instability
PRISM_MePO_vs_MePO_llama_bpo_deepseek,,176,0.0,-1.0,0,0,3,0,1,majority_loss
PRISM_MePO_vs_MePO_llama_bpo_deepseek,,178,0.0,-1.0,0,0,3,0,1,majority_loss
PRISM_MePO_vs_MePO_llama_bpo_deepseek,,179,0.0,-1.0,0,0,3,0,1,majority_loss
PRISM_MePO_vs_MePO_llama_bpo_deepseek,,18,0.0,-1.0,0,0,3,0,1,majority_loss
PRISM_MePO_vs_MePO_llama_bpo_deepseek,,180,0.0,-1.0,0,0,3,0,1,majority_loss
PRISM_MePO_vs_MePO_llama_bpo_deepseek,,181,0.0,-1.0,0,0,3,0,1,majority_loss
PRISM_MePO_vs_MePO_llama_bpo_deepseek,,183,0.0,-1.0,0,0,3,0,1,majority_loss
PRISM_MePO_vs_MePO_llama_bpo_deepseek,,184,0.0,-1.0,0,0,3,0,1,majority_loss
PRISM_MePO_vs_MePO_llama_bpo_deepseek,,185,0.0,-1.0,0,0,3,0,1,majority_loss
PRISM_MePO_vs_MePO_llama_bpo_deepseek,,187,0.0,-1.0,0,0,3,0,1,majority_loss
PRISM_MePO_vs_MePO_llama_bpo_deepseek,,189,0.0,-1.0,0,0,3,0,1,majority_loss
PRISM_MePO_vs_MePO_llama_bpo_deepseek,,19,0.0,-1.0,0,0,3,0,1,majority_loss
PRISM_MePO_vs_MePO_llama_bpo_deepseek,,190,0.0,-1.0,0,0,3,0,1,majority_loss
PRISM_MePO_vs_MePO_llama_bpo_deepseek,,191,0.0,-1.0,0,0,3,0,1,majority_loss
PRISM_MePO_vs_MePO_llama_bpo_deepseek,,192,0.0,-1.0,0,0,3,0,1,majority_loss
PRISM_MePO_vs_MePO_llama_bpo_deepseek,,193,0.0,-1.0,0,0,3,0,1,majority_loss
PRISM_MePO_vs_MePO_llama_bpo_deepseek,,194,0.6666666666666666,0.3333333333333333,2,0,1,1,0,judge_instability
PRISM_MePO_vs_MePO_llama_bpo_deepseek,,195,0.0,-1.0,0,0,3,0,1,majority_loss
PRISM_MePO_vs_MePO_llama_bpo_deepseek,,196,0.0,-1.0,0,0,3,0,1,majority_loss
PRISM_MePO_vs_MePO_llama_bpo_deepseek,,197,0.0,-1.0,0,0,3,0,1,majority_loss
PRISM_MePO_vs_MePO_llama_bpo_deepseek,,199,0.0,-1.0,0,0,3,0,1,majority_loss
PRISM_MePO_vs_MePO_llama_bpo_deepseek,,2,0.0,-1.0,0,0,3,0,1,majority_loss
PRISM_MePO_vs_MePO_llama_bpo_deepseek,,22,0.0,-1.0,0,0,3,0,1,majority_loss
PRISM_MePO_vs_MePO_llama_bpo_deepseek,,23,0.0,-1.0,0,0,3,0,1,majority_loss
PRISM_MePO_vs_MePO_llama_bpo_deepseek,,25,0.0,-1.0,0,0,3,0,1,majority_loss
PRISM_MePO_vs_MePO_llama_bpo_deepseek,,28,0.0,-1.0,0,0,3,0,1,majority_loss
PRISM_MePO_vs_MePO_llama_bpo_deepseek,,29,0.0,-1.0,0,0,3,0,1,majority_loss
PRISM_MePO_vs_MePO_llama_bpo_deepseek,,3,0.0,-1.0,0,0,3,0,1,majority_loss
PRISM_MePO_vs_MePO_llama_bpo_deepseek,,30,0.0,-1.0,0,0,3,0,1,majority_loss
PRISM_MePO_vs_MePO_llama_bpo_deepseek,,31,0.0,-1.0,0,0,3,0,1,majority_loss
PRISM_MePO_vs_MePO_llama_bpo_deepseek,,33,0.0,-1.0,0,0,3,0,1,majority_loss
PRISM_MePO_vs_MePO_llama_bpo_deepseek,,34,0.0,-1.0,0,0,3,0,1,majority_loss
PRISM_MePO_vs_MePO_llama_bpo_deepseek,,35,0.0,-1.0,0,0,3,0,1,majority_loss
PRISM_MePO_vs_MePO_llama_bpo_deepseek,,36,0.0,-1.0,0,0,3,0,1,majority_loss
PRISM_MePO_vs_MePO_llama_bpo_deepseek,,37,0.0,-1.0,0,0,3,0,1,majority_loss
PRISM_MePO_vs_MePO_llama_bpo_deepseek,,38,0.0,-1.0,0,0,3,0,1,majority_loss
PRISM_MePO_vs_MePO_llama_bpo_deepseek,,4,0.16666666666666666,-0.6666666666666666,0,1,2,1,1,"majority_loss,judge_instability"
PRISM_MePO_vs_MePO_llama_bpo_deepseek,,40,0.0,-1.0,0,0,3,0,1,majority_loss
PRISM_MePO_vs_MePO_llama_bpo_deepseek,,41,0.0,-1.0,0,0,3,0,1,majority_loss
PRISM_MePO_vs_MePO_llama_bpo_deepseek,,42,0.8333333333333334,0.6666666666666666,2,1,0,1,0,judge_instability
PRISM_MePO_vs_MePO_llama_bpo_deepseek,,44,0.0,-1.0,0,0,3,0,1,majority_loss
PRISM_MePO_vs_MePO_llama_bpo_deepseek,,46,0.0,-1.0,0,0,3,0,1,majority_loss
PRISM_MePO_vs_MePO_llama_bpo_deepseek,,48,0.3333333333333333,-0.3333333333333333,0,2,1,1,0,judge_instability
PRISM_MePO_vs_MePO_llama_bpo_deepseek,,5,0.0,-1.0,0,0,3,0,1,majority_loss
PRISM_MePO_vs_MePO_llama_bpo_deepseek,,51,0.0,-1.0,0,0,3,0,1,majority_loss
PRISM_MePO_vs_MePO_llama_bpo_deepseek,,52,0.0,-1.0,0,0,3,0,1,majority_loss
PRISM_MePO_vs_MePO_llama_bpo_deepseek,,54,0.0,-1.0,0,0,3,0,1,majority_loss
PRISM_MePO_vs_MePO_llama_bpo_deepseek,,55,0.0,-1.0,0,0,3,0,1,majority_loss
PRISM_MePO_vs_MePO_llama_bpo_deepseek,,58,0.8333333333333334,0.6666666666666666,2,1,0,1,0,judge_instability
PRISM_MePO_vs_MePO_llama_bpo_deepseek,,59,0.0,-1.0,0,0,3,0,1,majority_loss
PRISM_MePO_vs_MePO_llama_bpo_deepseek,,60,0.0,-1.0,0,0,3,0,1,majority_loss
PRISM_MePO_vs_MePO_llama_bpo_deepseek,,61,0.16666666666666666,-0.6666666666666666,0,1,2,1,1,"majority_loss,judge_instability"
PRISM_MePO_vs_MePO_llama_bpo_deepseek,,62,0.0,-1.0,0,0,3,0,1,majority_loss
PRISM_MePO_vs_MePO_llama_bpo_deepseek,,64,0.0,-1.0,0,0,3,0,1,majority_loss
PRISM_MePO_vs_MePO_llama_bpo_deepseek,,65,0.0,-1.0,0,0,3,0,1,majority_loss
PRISM_MePO_vs_MePO_llama_bpo_deepseek,,67,0.6666666666666666,0.3333333333333333,1,2,0,1,0,judge_instability
PRISM_MePO_vs_MePO_llama_bpo_deepseek,,7,0.0,-1.0,0,0,3,0,1,majority_loss
PRISM_MePO_vs_MePO_llama_bpo_deepseek,,71,0.0,-1.0,0,0,3,0,1,majority_loss
PRISM_MePO_vs_MePO_llama_bpo_deepseek,,73,0.6666666666666666,0.3333333333333333,1,2,0,1,0,judge_instability
PRISM_MePO_vs_MePO_llama_bpo_deepseek,,74,0.3333333333333333,-0.3333333333333333,0,2,1,1,0,judge_instability
PRISM_MePO_vs_MePO_llama_bpo_deepseek,,75,0.8333333333333334,0.6666666666666666,2,1,0,1,0,judge_instability
PRISM_MePO_vs_MePO_llama_bpo_deepseek,,76,0.0,-1.0,0,0,3,0,1,majority_loss
PRISM_MePO_vs_MePO_llama_bpo_deepseek,,78,0.0,-1.0,0,0,3,0,1,majority_loss
PRISM_MePO_vs_MePO_llama_bpo_deepseek,,79,0.0,-1.0,0,0,3,0,1,majority_loss
PRISM_MePO_vs_MePO_llama_bpo_deepseek,,8,0.3333333333333333,-0.3333333333333333,0,2,1,1,0,judge_instability
PRISM_MePO_vs_MePO_llama_bpo_deepseek,,80,0.0,-1.0,0,0,3,0,1,majority_loss
PRISM_MePO_vs_MePO_llama_bpo_deepseek,,81,0.8333333333333334,0.6666666666666666,2,1,0,1,0,judge_instability
PRISM_MePO_vs_MePO_llama_bpo_deepseek,,83,0.0,-1.0,0,0,3,0,1,majority_loss
PRISM_MePO_vs_MePO_llama_bpo_deepseek,,85,0.0,-1.0,0,0,3,0,1,majority_loss
PRISM_MePO_vs_MePO_llama_bpo_deepseek,,86,0.0,-1.0,0,0,3,0,1,majority_loss
PRISM_MePO_vs_MePO_llama_bpo_deepseek,,87,0.0,-1.0,0,0,3,0,1,majority_loss
PRISM_MePO_vs_MePO_llama_bpo_deepseek,,88,0.3333333333333333,-0.3333333333333333,0,2,1,1,0,judge_instability
PRISM_MePO_vs_MePO_llama_bpo_deepseek,,89,0.0,-1.0,0,0,3,0,1,majority_loss
PRISM_MePO_vs_MePO_llama_bpo_deepseek,,9,0.0,-1.0,0,0,3,0,1,majority_loss
PRISM_MePO_vs_MePO_llama_bpo_deepseek,,91,0.0,-1.0,0,0,3,0,1,majority_loss
PRISM_MePO_vs_MePO_llama_bpo_deepseek,,92,0.0,-1.0,0,0,3,0,1,majority_loss
PRISM_MePO_vs_MePO_llama_bpo_deepseek,,94,0.0,-1.0,0,0,3,0,1,majority_loss
PRISM_MePO_vs_MePO_llama_bpo_deepseek,,95,0.0,-1.0,0,0,3,0,1,majority_loss
PRISM_MePO_vs_MePO_llama_bpo_deepseek,,97,0.0,-1.0,0,0,3,0,1,majority_loss
PRISM_MePO_vs_MePO_llama_bpo_deepseek,,99,0.0,-1.0,0,0,3,0,1,majority_loss
PRISM_MePO_vs_MePO_llama_dolly_deepseek,,100,0.0,-1.0,0,0,3,0,1,majority_loss
PRISM_MePO_vs_MePO_llama_dolly_deepseek,,103,0.0,-1.0,0,0,3,0,1,majority_loss
PRISM_MePO_vs_MePO_llama_dolly_deepseek,,105,0.8333333333333334,0.6666666666666666,2,1,0,1,0,judge_instability
PRISM_MePO_vs_MePO_llama_dolly_deepseek,,107,0.0,-1.0,0,0,3,0,1,majority_loss
PRISM_MePO_vs_MePO_llama_dolly_deepseek,,108,0.16666666666666666,-0.6666666666666666,0,1,2,1,1,"majority_loss,judge_instability"
PRISM_MePO_vs_MePO_llama_dolly_deepseek,,109,0.0,-1.0,0,0,3,0,1,majority_loss
PRISM_MePO_vs_MePO_llama_dolly_deepseek,,11,0.0,-1.0,0,0,3,0,1,majority_loss
PRISM_MePO_vs_MePO_llama_dolly_deepseek,,112,0.0,-1.0,0,0,3,0,1,majority_loss
PRISM_MePO_vs_MePO_llama_dolly_deepseek,,115,0.8333333333333334,0.6666666666666666,2,1,0,1,0,judge_instability
PRISM_MePO_vs_MePO_llama_dolly_deepseek,,116,0.16666666666666666,-0.6666666666666666,0,1,2,1,1,"majority_loss,judge_instability"
PRISM_MePO_vs_MePO_llama_dolly_deepseek,,117,0.0,-1.0,0,0,3,0,1,majority_loss
PRISM_MePO_vs_MePO_llama_dolly_deepseek,,119,0.0,-1.0,0,0,3,0,1,majority_loss
PRISM_MePO_vs_MePO_llama_dolly_deepseek,,12,0.3333333333333333,-0.3333333333333333,0,2,1,1,0,judge_instability
PRISM_MePO_vs_MePO_llama_dolly_deepseek,,124,0.0,-1.0,0,0,3,0,1,majority_loss
PRISM_MePO_vs_MePO_llama_dolly_deepseek,,125,0.0,-1.0,0,0,3,0,1,majority_loss
PRISM_MePO_vs_MePO_llama_dolly_deepseek,,126,0.0,-1.0,0,0,3,0,1,majority_loss
PRISM_MePO_vs_MePO_llama_dolly_deepseek,,127,0.0,-1.0,0,0,3,0,1,majority_loss
PRISM_MePO_vs_MePO_llama_dolly_deepseek,,128,0.16666666666666666,-0.6666666666666666,0,1,2,1,1,"majority_loss,judge_instability"
PRISM_MePO_vs_MePO_llama_dolly_deepseek,,131,0.0,-1.0,0,0,3,0,1,majority_loss
PRISM_MePO_vs_MePO_llama_dolly_deepseek,,133,0.6666666666666666,0.3333333333333333,2,0,1,1,0,judge_instability
PRISM_MePO_vs_MePO_llama_dolly_deepseek,,139,0.0,-1.0,0,0,3,0,1,majority_loss
PRISM_MePO_vs_MePO_llama_dolly_deepseek,,14,0.0,-1.0,0,0,3,0,1,majority_loss
PRISM_MePO_vs_MePO_llama_dolly_deepseek,,143,0.3333333333333333,-0.3333333333333333,0,2,1,1,0,judge_instability
PRISM_MePO_vs_MePO_llama_dolly_deepseek,,148,0.0,-1.0,0,0,3,0,1,majority_loss
PRISM_MePO_vs_MePO_llama_dolly_deepseek,,149,0.0,-1.0,0,0,3,0,1,majority_loss
PRISM_MePO_vs_MePO_llama_dolly_deepseek,,151,0.0,-1.0,0,0,3,0,1,majority_loss
PRISM_MePO_vs_MePO_llama_dolly_deepseek,,152,0.0,-1.0,0,0,3,0,1,majority_loss
PRISM_MePO_vs_MePO_llama_dolly_deepseek,,153,0.0,-1.0,0,0,3,0,1,majority_loss
PRISM_MePO_vs_MePO_llama_dolly_deepseek,,158,0.8333333333333334,0.6666666666666666,2,1,0,1,0,judge_instability
PRISM_MePO_vs_MePO_llama_dolly_deepseek,,159,0.0,-1.0,0,0,3,0,1,majority_loss
PRISM_MePO_vs_MePO_llama_dolly_deepseek,,16,0.0,-1.0,0,0,3,0,1,majority_loss
PRISM_MePO_vs_MePO_llama_dolly_deepseek,,160,0.8333333333333334,0.6666666666666666,2,1,0,1,0,judge_instability
PRISM_MePO_vs_MePO_llama_dolly_deepseek,,161,0.0,-1.0,0,0,3,0,1,majority_loss
PRISM_MePO_vs_MePO_llama_dolly_deepseek,,163,0.0,-1.0,0,0,3,0,1,majority_loss
PRISM_MePO_vs_MePO_llama_dolly_deepseek,,166,0.0,-1.0,0,0,3,0,1,majority_loss
PRISM_MePO_vs_MePO_llama_dolly_deepseek,,168,0.0,-1.0,0,0,3,0,1,majority_loss
PRISM_MePO_vs_MePO_llama_dolly_deepseek,,170,0.0,-1.0,0,0,3,0,1,majority_loss
PRISM_MePO_vs_MePO_llama_dolly_deepseek,,171,0.0,-1.0,0,0,3,0,1,majority_loss
PRISM_MePO_vs_MePO_llama_dolly_deepseek,,172,0.0,-1.0,0,0,3,0,1,majority_loss
PRISM_MePO_vs_MePO_llama_dolly_deepseek,,173,0.6666666666666666,0.3333333333333333,2,0,1,1,0,judge_instability
PRISM_MePO_vs_MePO_llama_dolly_deepseek,,174,0.0,-1.0,0,0,3,0,1,majority_loss
PRISM_MePO_vs_MePO_llama_dolly_deepseek,,176,0.0,-1.0,0,0,3,0,1,majority_loss
PRISM_MePO_vs_MePO_llama_dolly_deepseek,,179,0.0,-1.0,0,0,3,0,1,majority_loss
PRISM_MePO_vs_MePO_llama_dolly_deepseek,,18,0.0,-1.0,0,0,3,0,1,majority_loss
PRISM_MePO_vs_MePO_llama_dolly_deepseek,,180,0.8333333333333334,0.6666666666666666,2,1,0,1,0,judge_instability
PRISM_MePO_vs_MePO_llama_dolly_deepseek,,183,0.8333333333333334,0.6666666666666666,2,1,0,1,0,judge_instability
PRISM_MePO_vs_MePO_llama_dolly_deepseek,,186,0.6666666666666666,0.3333333333333333,2,0,1,1,0,judge_instability
PRISM_MePO_vs_MePO_llama_dolly_deepseek,,189,0.0,-1.0,0,0,3,0,1,majority_loss
PRISM_MePO_vs_MePO_llama_dolly_deepseek,,19,0.8333333333333334,0.6666666666666666,2,1,0,1,0,judge_instability
PRISM_MePO_vs_MePO_llama_dolly_deepseek,,191,0.16666666666666666,-0.6666666666666666,0,1,2,1,1,"majority_loss,judge_instability"
PRISM_MePO_vs_MePO_llama_dolly_deepseek,,192,0.6666666666666666,0.3333333333333333,1,2,0,1,0,judge_instability
PRISM_MePO_vs_MePO_llama_dolly_deepseek,,193,0.0,-1.0,0,0,3,0,1,majority_loss
PRISM_MePO_vs_MePO_llama_dolly_deepseek,,195,0.0,-1.0,0,0,3,0,1,majority_loss
PRISM_MePO_vs_MePO_llama_dolly_deepseek,,196,0.16666666666666666,-0.6666666666666666,0,1,2,1,1,"majority_loss,judge_instability"
PRISM_MePO_vs_MePO_llama_dolly_deepseek,,198,0.0,-1.0,0,0,3,0,1,majority_loss
PRISM_MePO_vs_MePO_llama_dolly_deepseek,,199,0.0,-1.0,0,0,3,0,1,majority_loss
PRISM_MePO_vs_MePO_llama_dolly_deepseek,,2,0.0,-1.0,0,0,3,0,1,majority_loss
PRISM_MePO_vs_MePO_llama_dolly_deepseek,,20,0.0,-1.0,0,0,3,0,1,majority_loss
PRISM_MePO_vs_MePO_llama_dolly_deepseek,,200,0.0,-1.0,0,0,3,0,1,majority_loss
PRISM_MePO_vs_MePO_llama_dolly_deepseek,,21,0.0,-1.0,0,0,3,0,1,majority_loss
PRISM_MePO_vs_MePO_llama_dolly_deepseek,,22,0.0,-1.0,0,0,3,0,1,majority_loss
PRISM_MePO_vs_MePO_llama_dolly_deepseek,,23,0.0,-1.0,0,0,3,0,1,majority_loss
PRISM_MePO_vs_MePO_llama_dolly_deepseek,,25,0.0,-1.0,0,0,3,0,1,majority_loss
PRISM_MePO_vs_MePO_llama_dolly_deepseek,,26,0.8333333333333334,0.6666666666666666,2,1,0,1,0,judge_instability
PRISM_MePO_vs_MePO_llama_dolly_deepseek,,28,0.0,-1.0,0,0,3,0,1,majority_loss
PRISM_MePO_vs_MePO_llama_dolly_deepseek,,30,0.0,-1.0,0,0,3,0,1,majority_loss
PRISM_MePO_vs_MePO_llama_dolly_deepseek,,33,0.0,-1.0,0,0,3,0,1,majority_loss
PRISM_MePO_vs_MePO_llama_dolly_deepseek,,34,0.0,-1.0,0,0,3,0,1,majority_loss
PRISM_MePO_vs_MePO_llama_dolly_deepseek,,38,0.0,-1.0,0,0,3,0,1,majority_loss
PRISM_MePO_vs_MePO_llama_dolly_deepseek,,39,0.0,-1.0,0,0,3,0,1,majority_loss
PRISM_MePO_vs_MePO_llama_dolly_deepseek,,4,0.0,-1.0,0,0,3,0,1,majority_loss
PRISM_MePO_vs_MePO_llama_dolly_deepseek,,40,0.0,-1.0,0,0,3,0,1,majority_loss
PRISM_MePO_vs_MePO_llama_dolly_deepseek,,41,0.0,-1.0,0,0,3,0,1,majority_loss
PRISM_MePO_vs_MePO_llama_dolly_deepseek,,43,0.0,-1.0,0,0,3,0,1,majority_loss
PRISM_MePO_vs_MePO_llama_dolly_deepseek,,44,0.0,-1.0,0,0,3,0,1,majority_loss
PRISM_MePO_vs_MePO_llama_dolly_deepseek,,45,0.0,-1.0,0,0,3,0,1,majority_loss
PRISM_MePO_vs_MePO_llama_dolly_deepseek,,46,0.0,-1.0,0,0,3,0,1,majority_loss
PRISM_MePO_vs_MePO_llama_dolly_deepseek,,48,0.0,-1.0,0,0,3,0,1,majority_loss
PRISM_MePO_vs_MePO_llama_dolly_deepseek,,49,0.0,-1.0,0,0,3,0,1,majority_loss
PRISM_MePO_vs_MePO_llama_dolly_deepseek,,5,0.0,-1.0,0,0,3,0,1,majority_loss
PRISM_MePO_vs_MePO_llama_dolly_deepseek,,51,0.0,-1.0,0,0,3,0,1,majority_loss
PRISM_MePO_vs_MePO_llama_dolly_deepseek,,53,0.0,-1.0,0,0,3,0,1,majority_loss
PRISM_MePO_vs_MePO_llama_dolly_deepseek,,54,0.0,-1.0,0,0,3,0,1,majority_loss
PRISM_MePO_vs_MePO_llama_dolly_deepseek,,55,0.0,-1.0,0,0,3,0,1,majority_loss
PRISM_MePO_vs_MePO_llama_dolly_deepseek,,56,0.3333333333333333,-0.3333333333333333,0,2,1,1,0,judge_instability
PRISM_MePO_vs_MePO_llama_dolly_deepseek,,57,0.0,-1.0,0,0,3,0,1,majority_loss
PRISM_MePO_vs_MePO_llama_dolly_deepseek,,6,0.0,-1.0,0,0,3,0,1,majority_loss
PRISM_MePO_vs_MePO_llama_dolly_deepseek,,61,0.0,-1.0,0,0,3,0,1,majority_loss
PRISM_MePO_vs_MePO_llama_dolly_deepseek,,62,0.0,-1.0,0,0,3,0,1,majority_loss
PRISM_MePO_vs_MePO_llama_dolly_deepseek,,67,0.0,-1.0,0,0,3,0,1,majority_loss
PRISM_MePO_vs_MePO_llama_dolly_deepseek,,69,0.0,-1.0,0,0,3,0,1,majority_loss
PRISM_MePO_vs_MePO_llama_dolly_deepseek,,7,0.0,-1.0,0,0,3,0,1,majority_loss
PRISM_MePO_vs_MePO_llama_dolly_deepseek,,70,0.0,-1.0,0,0,3,0,1,majority_loss
PRISM_MePO_vs_MePO_llama_dolly_deepseek,,76,0.0,-1.0,0,0,3,0,1,majority_loss
PRISM_MePO_vs_MePO_llama_dolly_deepseek,,80,0.16666666666666666,-0.6666666666666666,0,1,2,1,1,"majority_loss,judge_instability"
PRISM_MePO_vs_MePO_llama_dolly_deepseek,,83,0.0,-1.0,0,0,3,0,1,majority_loss
PRISM_MePO_vs_MePO_llama_dolly_deepseek,,84,0.0,-1.0,0,0,3,0,1,majority_loss
PRISM_MePO_vs_MePO_llama_dolly_deepseek,,85,0.0,-1.0,0,0,3,0,1,majority_loss
PRISM_MePO_vs_MePO_llama_dolly_deepseek,,87,0.0,-1.0,0,0,3,0,1,majority_loss
PRISM_MePO_vs_MePO_llama_dolly_deepseek,,89,0.0,-1.0,0,0,3,0,1,majority_loss
PRISM_MePO_vs_MePO_llama_dolly_deepseek,,90,0.0,-1.0,0,0,3,0,1,majority_loss
PRISM_MePO_vs_MePO_llama_dolly_deepseek,,91,0.16666666666666666,-0.6666666666666666,0,1,2,1,1,"majority_loss,judge_instability"
PRISM_MePO_vs_MePO_llama_dolly_deepseek,,92,0.0,-1.0,0,0,3,0,1,majority_loss
PRISM_MePO_vs_MePO_llama_dolly_deepseek,,96,0.0,-1.0,0,0,3,0,1,majority_loss
PRISM_MePO_vs_MePO_llama_dolly_deepseek,,97,0.0,-1.0,0,0,3,0,1,majority_loss
PRISM_MePO_vs_MePO_llama_dolly_deepseek,,99,0.0,-1.0,0,0,3,0,1,majority_loss
PRISM_MePO_vs_MePO_llama_self_deepseek,,user_oriented_task_0,0.0,-1.0,0,0,3,0,1,majority_loss
PRISM_MePO_vs_MePO_llama_self_deepseek,,user_oriented_task_1,0.0,-1.0,0,0,3,0,1,majority_loss
PRISM_MePO_vs_MePO_llama_self_deepseek,,user_oriented_task_101,0.0,-1.0,0,0,3,0,1,majority_loss
PRISM_MePO_vs_MePO_llama_self_deepseek,,user_oriented_task_103,0.0,-1.0,0,0,3,0,1,majority_loss
PRISM_MePO_vs_MePO_llama_self_deepseek,,user_oriented_task_104,0.16666666666666666,-0.6666666666666666,0,1,2,1,1,"majority_loss,judge_instability"
PRISM_MePO_vs_MePO_llama_self_deepseek,,user_oriented_task_107,0.0,-1.0,0,0,3,0,1,majority_loss
PRISM_MePO_vs_MePO_llama_self_deepseek,,user_oriented_task_108,0.0,-1.0,0,0,3,0,1,majority_loss
PRISM_MePO_vs_MePO_llama_self_deepseek,,user_oriented_task_109,0.8333333333333334,0.6666666666666666,2,1,0,1,0,judge_instability
PRISM_MePO_vs_MePO_llama_self_deepseek,,user_oriented_task_110,0.0,-1.0,0,0,3,0,1,majority_loss
PRISM_MePO_vs_MePO_llama_self_deepseek,,user_oriented_task_114,0.5,0.0,1,1,1,1,0,judge_instability
PRISM_MePO_vs_MePO_llama_self_deepseek,,user_oriented_task_116,0.8333333333333334,0.6666666666666666,2,1,0,1,0,judge_instability
PRISM_MePO_vs_MePO_llama_self_deepseek,,user_oriented_task_117,0.0,-1.0,0,0,3,0,1,majority_loss
PRISM_MePO_vs_MePO_llama_self_deepseek,,user_oriented_task_118,0.0,-1.0,0,0,3,0,1,majority_loss
PRISM_MePO_vs_MePO_llama_self_deepseek,,user_oriented_task_119,0.0,-1.0,0,0,3,0,1,majority_loss
PRISM_MePO_vs_MePO_llama_self_deepseek,,user_oriented_task_123,0.0,-1.0,0,0,3,0,1,majority_loss
PRISM_MePO_vs_MePO_llama_self_deepseek,,user_oriented_task_126,0.0,-1.0,0,0,3,0,1,majority_loss
PRISM_MePO_vs_MePO_llama_self_deepseek,,user_oriented_task_129,0.0,-1.0,0,0,3,0,1,majority_loss
PRISM_MePO_vs_MePO_llama_self_deepseek,,user_oriented_task_131,0.0,-1.0,0,0,3,0,1,majority_loss
PRISM_MePO_vs_MePO_llama_self_deepseek,,user_oriented_task_133,0.3333333333333333,-0.3333333333333333,1,0,2,1,1,"majority_loss,judge_instability"
PRISM_MePO_vs_MePO_llama_self_deepseek,,user_oriented_task_134,0.0,-1.0,0,0,3,0,1,majority_loss
PRISM_MePO_vs_MePO_llama_self_deepseek,,user_oriented_task_135,0.16666666666666666,-0.6666666666666666,0,1,2,1,1,"majority_loss,judge_instability"
PRISM_MePO_vs_MePO_llama_self_deepseek,,user_oriented_task_137,0.0,-1.0,0,0,3,0,1,majority_loss
PRISM_MePO_vs_MePO_llama_self_deepseek,,user_oriented_task_140,0.0,-1.0,0,0,3,0,1,majority_loss
PRISM_MePO_vs_MePO_llama_self_deepseek,,user_oriented_task_142,0.6666666666666666,0.3333333333333333,1,2,0,1,0,judge_instability
PRISM_MePO_vs_MePO_llama_self_deepseek,,user_oriented_task_145,0.0,-1.0,0,0,3,0,1,majority_loss
PRISM_MePO_vs_MePO_llama_self_deepseek,,user_oriented_task_146,0.0,-1.0,0,0,3,0,1,majority_loss
PRISM_MePO_vs_MePO_llama_self_deepseek,,user_oriented_task_149,0.0,-1.0,0,0,3,0,1,majority_loss
PRISM_MePO_vs_MePO_llama_self_deepseek,,user_oriented_task_15,0.0,-1.0,0,0,3,0,1,majority_loss
PRISM_MePO_vs_MePO_llama_self_deepseek,,user_oriented_task_151,0.0,-1.0,0,0,3,0,1,majority_loss
PRISM_MePO_vs_MePO_llama_self_deepseek,,user_oriented_task_152,0.0,-1.0,0,0,3,0,1,majority_loss
PRISM_MePO_vs_MePO_llama_self_deepseek,,user_oriented_task_153,0.8333333333333334,0.6666666666666666,2,1,0,1,0,judge_instability
PRISM_MePO_vs_MePO_llama_self_deepseek,,user_oriented_task_155,0.0,-1.0,0,0,3,0,1,majority_loss
PRISM_MePO_vs_MePO_llama_self_deepseek,,user_oriented_task_156,0.0,-1.0,0,0,3,0,1,majority_loss
PRISM_MePO_vs_MePO_llama_self_deepseek,,user_oriented_task_157,0.0,-1.0,0,0,3,0,1,majority_loss
PRISM_MePO_vs_MePO_llama_self_deepseek,,user_oriented_task_158,0.0,-1.0,0,0,3,0,1,majority_loss
PRISM_MePO_vs_MePO_llama_self_deepseek,,user_oriented_task_159,0.0,-1.0,0,0,3,0,1,majority_loss
PRISM_MePO_vs_MePO_llama_self_deepseek,,user_oriented_task_16,0.0,-1.0,0,0,3,0,1,majority_loss
PRISM_MePO_vs_MePO_llama_self_deepseek,,user_oriented_task_160,0.0,-1.0,0,0,3,0,1,majority_loss
PRISM_MePO_vs_MePO_llama_self_deepseek,,user_oriented_task_162,0.0,-1.0,0,0,3,0,1,majority_loss
PRISM_MePO_vs_MePO_llama_self_deepseek,,user_oriented_task_166,0.0,-1.0,0,0,3,0,1,majority_loss
PRISM_MePO_vs_MePO_llama_self_deepseek,,user_oriented_task_167,0.0,-1.0,0,0,3,0,1,majority_loss
PRISM_MePO_vs_MePO_llama_self_deepseek,,user_oriented_task_168,0.0,-1.0,0,0,3,0,1,majority_loss
PRISM_MePO_vs_MePO_llama_self_deepseek,,user_oriented_task_170,0.0,-1.0,0,0,3,0,1,majority_loss
PRISM_MePO_vs_MePO_llama_self_deepseek,,user_oriented_task_171,0.0,-1.0,0,0,3,0,1,majority_loss
PRISM_MePO_vs_MePO_llama_self_deepseek,,user_oriented_task_172,0.3333333333333333,-0.3333333333333333,0,2,1,1,0,judge_instability
PRISM_MePO_vs_MePO_llama_self_deepseek,,user_oriented_task_175,0.0,-1.0,0,0,3,0,1,majority_loss
PRISM_MePO_vs_MePO_llama_self_deepseek,,user_oriented_task_179,0.0,-1.0,0,0,3,0,1,majority_loss
PRISM_MePO_vs_MePO_llama_self_deepseek,,user_oriented_task_181,0.0,-1.0,0,0,3,0,1,majority_loss
PRISM_MePO_vs_MePO_llama_self_deepseek,,user_oriented_task_182,0.0,-1.0,0,0,3,0,1,majority_loss
PRISM_MePO_vs_MePO_llama_self_deepseek,,user_oriented_task_184,0.0,-1.0,0,0,3,0,1,majority_loss
PRISM_MePO_vs_MePO_llama_self_deepseek,,user_oriented_task_186,0.0,-1.0,0,0,3,0,1,majority_loss
PRISM_MePO_vs_MePO_llama_self_deepseek,,user_oriented_task_187,0.0,-1.0,0,0,3,0,1,majority_loss
PRISM_MePO_vs_MePO_llama_self_deepseek,,user_oriented_task_188,0.0,-1.0,0,0,3,0,1,majority_loss
PRISM_MePO_vs_MePO_llama_self_deepseek,,user_oriented_task_190,0.0,-1.0,0,0,3,0,1,majority_loss
PRISM_MePO_vs_MePO_llama_self_deepseek,,user_oriented_task_192,0.8333333333333334,0.6666666666666666,2,1,0,1,0,judge_instability
PRISM_MePO_vs_MePO_llama_self_deepseek,,user_oriented_task_193,0.0,-1.0,0,0,3,0,1,majority_loss
PRISM_MePO_vs_MePO_llama_self_deepseek,,user_oriented_task_196,0.0,-1.0,0,0,3,0,1,majority_loss
PRISM_MePO_vs_MePO_llama_self_deepseek,,user_oriented_task_197,0.0,-1.0,0,0,3,0,1,majority_loss
PRISM_MePO_vs_MePO_llama_self_deepseek,,user_oriented_task_2,0.0,-1.0,0,0,3,0,1,majority_loss
PRISM_MePO_vs_MePO_llama_self_deepseek,,user_oriented_task_200,0.0,-1.0,0,0,3,0,1,majority_loss
PRISM_MePO_vs_MePO_llama_self_deepseek,,user_oriented_task_206,0.3333333333333333,-0.3333333333333333,0,2,1,1,0,judge_instability
PRISM_MePO_vs_MePO_llama_self_deepseek,,user_oriented_task_21,0.0,-1.0,0,0,3,0,1,majority_loss
PRISM_MePO_vs_MePO_llama_self_deepseek,,user_oriented_task_214,0.0,-1.0,0,0,3,0,1,majority_loss
PRISM_MePO_vs_MePO_llama_self_deepseek,,user_oriented_task_215,0.0,-1.0,0,0,3,0,1,majority_loss
PRISM_MePO_vs_MePO_llama_self_deepseek,,user_oriented_task_219,0.0,-1.0,0,0,3,0,1,majority_loss
PRISM_MePO_vs_MePO_llama_self_deepseek,,user_oriented_task_22,0.0,-1.0,0,0,3,0,1,majority_loss
PRISM_MePO_vs_MePO_llama_self_deepseek,,user_oriented_task_220,0.0,-1.0,0,0,3,0,1,majority_loss
PRISM_MePO_vs_MePO_llama_self_deepseek,,user_oriented_task_221,0.8333333333333334,0.6666666666666666,2,1,0,1,0,judge_instability
PRISM_MePO_vs_MePO_llama_self_deepseek,,user_oriented_task_225,0.0,-1.0,0,0,3,0,1,majority_loss
PRISM_MePO_vs_MePO_llama_self_deepseek,,user_oriented_task_227,0.16666666666666666,-0.6666666666666666,0,1,2,1,1,"majority_loss,judge_instability"
PRISM_MePO_vs_MePO_llama_self_deepseek,,user_oriented_task_229,0.0,-1.0,0,0,3,0,1,majority_loss
PRISM_MePO_vs_MePO_llama_self_deepseek,,user_oriented_task_231,0.0,-1.0,0,0,3,0,1,majority_loss
PRISM_MePO_vs_MePO_llama_self_deepseek,,user_oriented_task_232,0.0,-1.0,0,0,3,0,1,majority_loss
PRISM_MePO_vs_MePO_llama_self_deepseek,,user_oriented_task_233,0.0,-1.0,0,0,3,0,1,majority_loss
PRISM_MePO_vs_MePO_llama_self_deepseek,,user_oriented_task_234,0.16666666666666666,-0.6666666666666666,0,1,2,1,1,"majority_loss,judge_instability"
PRISM_MePO_vs_MePO_llama_self_deepseek,,user_oriented_task_236,0.0,-1.0,0,0,3,0,1,majority_loss
PRISM_MePO_vs_MePO_llama_self_deepseek,,user_oriented_task_238,0.0,-1.0,0,0,3,0,1,majority_loss
PRISM_MePO_vs_MePO_llama_self_deepseek,,user_oriented_task_24,0.0,-1.0,0,0,3,0,1,majority_loss
PRISM_MePO_vs_MePO_llama_self_deepseek,,user_oriented_task_240,0.0,-1.0,0,0,3,0,1,majority_loss
PRISM_MePO_vs_MePO_llama_self_deepseek,,user_oriented_task_243,0.0,-1.0,0,0,3,0,1,majority_loss
PRISM_MePO_vs_MePO_llama_self_deepseek,,user_oriented_task_246,0.3333333333333333,-0.3333333333333333,0,2,1,1,0,judge_instability
PRISM_MePO_vs_MePO_llama_self_deepseek,,user_oriented_task_248,0.0,-1.0,0,0,3,0,1,majority_loss
PRISM_MePO_vs_MePO_llama_self_deepseek,,user_oriented_task_249,0.6666666666666666,0.3333333333333333,2,0,1,1,0,judge_instability
PRISM_MePO_vs_MePO_llama_self_deepseek,,user_oriented_task_251,0.0,-1.0,0,0,3,0,1,majority_loss
PRISM_MePO_vs_MePO_llama_self_deepseek,,user_oriented_task_26,0.8333333333333334,0.6666666666666666,2,1,0,1,0,judge_instability
PRISM_MePO_vs_MePO_llama_self_deepseek,,user_oriented_task_27,0.8333333333333334,0.6666666666666666,2,1,0,1,0,judge_instability
PRISM_MePO_vs_MePO_llama_self_deepseek,,user_oriented_task_3,0.0,-1.0,0,0,3,0,1,majority_loss
PRISM_MePO_vs_MePO_llama_self_deepseek,,user_oriented_task_34,0.0,-1.0,0,0,3,0,1,majority_loss
PRISM_MePO_vs_MePO_llama_self_deepseek,,user_oriented_task_36,0.16666666666666666,-0.6666666666666666,0,1,2,1,1,"majority_loss,judge_instability"
PRISM_MePO_vs_MePO_llama_self_deepseek,,user_oriented_task_37,0.0,-1.0,0,0,3,0,1,majority_loss
PRISM_MePO_vs_MePO_llama_self_deepseek,,user_oriented_task_38,0.0,-1.0,0,0,3,0,1,majority_loss
PRISM_MePO_vs_MePO_llama_self_deepseek,,user_oriented_task_42,0.0,-1.0,0,0,3,0,1,majority_loss
PRISM_MePO_vs_MePO_llama_self_deepseek,,user_oriented_task_44,0.0,-1.0,0,0,3,0,1,majority_loss
PRISM_MePO_vs_MePO_llama_self_deepseek,,user_oriented_task_45,0.0,-1.0,0,0,3,0,1,majority_loss
PRISM_MePO_vs_MePO_llama_self_deepseek,,user_oriented_task_47,0.6666666666666666,0.3333333333333333,1,2,0,1,0,judge_instability
PRISM_MePO_vs_MePO_llama_self_deepseek,,user_oriented_task_50,0.16666666666666666,-0.6666666666666666,0,1,2,1,1,"majority_loss,judge_instability"
PRISM_MePO_vs_MePO_llama_self_deepseek,,user_oriented_task_54,0.0,-1.0,0,0,3,0,1,majority_loss
PRISM_MePO_vs_MePO_llama_self_deepseek,,user_oriented_task_55,0.8333333333333334,0.6666666666666666,2,1,0,1,0,judge_instability
PRISM_MePO_vs_MePO_llama_self_deepseek,,user_oriented_task_59,0.8333333333333334,0.6666666666666666,2,1,0,1,0,judge_instability
PRISM_MePO_vs_MePO_llama_self_deepseek,,user_oriented_task_6,0.0,-1.0,0,0,3,0,1,majority_loss
PRISM_MePO_vs_MePO_llama_self_deepseek,,user_oriented_task_60,0.0,-1.0,0,0,3,0,1,majority_loss
PRISM_MePO_vs_MePO_llama_self_deepseek,,user_oriented_task_61,0.6666666666666666,0.3333333333333333,1,2,0,1,0,judge_instability
PRISM_MePO_vs_MePO_llama_self_deepseek,,user_oriented_task_63,0.0,-1.0,0,0,3,0,1,majority_loss
PRISM_MePO_vs_MePO_llama_self_deepseek,,user_oriented_task_64,0.0,-1.0,0,0,3,0,1,majority_loss
PRISM_MePO_vs_MePO_llama_self_deepseek,,user_oriented_task_66,0.16666666666666666,-0.6666666666666666,0,1,2,1,1,"majority_loss,judge_instability"
PRISM_MePO_vs_MePO_llama_self_deepseek,,user_oriented_task_67,0.0,-1.0,0,0,3,0,1,majority_loss
PRISM_MePO_vs_MePO_llama_self_deepseek,,user_oriented_task_68,0.0,-1.0,0,0,3,0,1,majority_loss
PRISM_MePO_vs_MePO_llama_self_deepseek,,user_oriented_task_71,0.0,-1.0,0,0,3,0,1,majority_loss
PRISM_MePO_vs_MePO_llama_self_deepseek,,user_oriented_task_73,0.0,-1.0,0,0,3,0,1,majority_loss
PRISM_MePO_vs_MePO_llama_self_deepseek,,user_oriented_task_75,0.0,-1.0,0,0,3,0,1,majority_loss
PRISM_MePO_vs_MePO_llama_self_deepseek,,user_oriented_task_76,0.0,-1.0,0,0,3,0,1,majority_loss
PRISM_MePO_vs_MePO_llama_self_deepseek,,user_oriented_task_77,0.6666666666666666,0.3333333333333333,2,0,1,1,0,judge_instability
PRISM_MePO_vs_MePO_llama_self_deepseek,,user_oriented_task_78,0.0,-1.0,0,0,3,0,1,majority_loss
PRISM_MePO_vs_MePO_llama_self_deepseek,,user_oriented_task_79,0.0,-1.0,0,0,3,0,1,majority_loss
PRISM_MePO_vs_MePO_llama_self_deepseek,,user_oriented_task_8,0.0,-1.0,0,0,3,0,1,majority_loss
PRISM_MePO_vs_MePO_llama_self_deepseek,,user_oriented_task_81,0.0,-1.0,0,0,3,0,1,majority_loss
PRISM_MePO_vs_MePO_llama_self_deepseek,,user_oriented_task_82,0.0,-1.0,0,0,3,0,1,majority_loss
PRISM_MePO_vs_MePO_llama_self_deepseek,,user_oriented_task_83,0.0,-1.0,0,0,3,0,1,majority_loss
PRISM_MePO_vs_MePO_llama_self_deepseek,,user_oriented_task_86,0.0,-1.0,0,0,3,0,1,majority_loss
PRISM_MePO_vs_MePO_llama_self_deepseek,,user_oriented_task_90,0.16666666666666666,-0.6666666666666666,0,1,2,1,1,"majority_loss,judge_instability"
PRISM_MePO_vs_MePO_llama_self_deepseek,,user_oriented_task_91,0.0,-1.0,0,0,3,0,1,majority_loss
PRISM_MePO_vs_MePO_llama_self_deepseek,,user_oriented_task_93,0.3333333333333333,-0.3333333333333333,0,2,1,1,0,judge_instability
PRISM_MePO_vs_MePO_llama_self_deepseek,,user_oriented_task_94,0.0,-1.0,0,0,3,0,1,majority_loss
PRISM_MePO_vs_MePO_llama_self_deepseek,,user_oriented_task_98,0.0,-1.0,0,0,3,0,1,majority_loss
PRISM_MePO_vs_MePO_llama_self_deepseek,,user_oriented_task_99,0.0,-1.0,0,0,3,0,1,majority_loss
PRISM_MePO_vs_MePO_llama_vicuna_deepseek,,12,0.0,-1.0,0,0,3,0,1,majority_loss
PRISM_MePO_vs_MePO_llama_vicuna_deepseek,,14,0.0,-1.0,0,0,3,0,1,majority_loss
PRISM_MePO_vs_MePO_llama_vicuna_deepseek,,15,0.6666666666666666,0.3333333333333333,2,0,1,1,0,judge_instability
PRISM_MePO_vs_MePO_llama_vicuna_deepseek,,17,0.0,-1.0,0,0,3,0,1,majority_loss
PRISM_MePO_vs_MePO_llama_vicuna_deepseek,,2,0.0,-1.0,0,0,3,0,1,majority_loss
PRISM_MePO_vs_MePO_llama_vicuna_deepseek,,20,0.16666666666666666,-0.6666666666666666,0,1,2,1,1,"majority_loss,judge_instability"
PRISM_MePO_vs_MePO_llama_vicuna_deepseek,,21,0.0,-1.0,0,0,3,0,1,majority_loss
PRISM_MePO_vs_MePO_llama_vicuna_deepseek,,22,0.3333333333333333,-0.3333333333333333,1,0,2,1,1,"majority_loss,judge_instability"
PRISM_MePO_vs_MePO_llama_vicuna_deepseek,,23,0.0,-1.0,0,0,3,0,1,majority_loss
PRISM_MePO_vs_MePO_llama_vicuna_deepseek,,24,0.0,-1.0,0,0,3,0,1,majority_loss
PRISM_MePO_vs_MePO_llama_vicuna_deepseek,,25,0.0,-1.0,0,0,3,0,1,majority_loss
PRISM_MePO_vs_MePO_llama_vicuna_deepseek,,26,0.0,-1.0,0,0,3,0,1,majority_loss
PRISM_MePO_vs_MePO_llama_vicuna_deepseek,,28,0.0,-1.0,0,0,3,0,1,majority_loss
PRISM_MePO_vs_MePO_llama_vicuna_deepseek,,31,0.0,-1.0,0,0,3,0,1,majority_loss
PRISM_MePO_vs_MePO_llama_vicuna_deepseek,,32,0.16666666666666666,-0.6666666666666666,0,1,2,1,1,"majority_loss,judge_instability"
PRISM_MePO_vs_MePO_llama_vicuna_deepseek,,34,0.6666666666666666,0.3333333333333333,1,2,0,1,0,judge_instability
PRISM_MePO_vs_MePO_llama_vicuna_deepseek,,37,0.0,-1.0,0,0,3,0,1,majority_loss
PRISM_MePO_vs_MePO_llama_vicuna_deepseek,,38,0.8333333333333334,0.6666666666666666,2,1,0,1,0,judge_instability
PRISM_MePO_vs_MePO_llama_vicuna_deepseek,,4,0.0,-1.0,0,0,3,0,1,majority_loss
PRISM_MePO_vs_MePO_llama_vicuna_deepseek,,40,0.0,-1.0,0,0,3,0,1,majority_loss
PRISM_MePO_vs_MePO_llama_vicuna_deepseek,,43,0.0,-1.0,0,0,3,0,1,majority_loss
PRISM_MePO_vs_MePO_llama_vicuna_deepseek,,45,0.0,-1.0,0,0,3,0,1,majority_loss
PRISM_MePO_vs_MePO_llama_vicuna_deepseek,,46,0.0,-1.0,0,0,3,0,1,majority_loss
PRISM_MePO_vs_MePO_llama_vicuna_deepseek,,47,0.0,-1.0,0,0,3,0,1,majority_loss
PRISM_MePO_vs_MePO_llama_vicuna_deepseek,,48,0.0,-1.0,0,0,3,0,1,majority_loss
PRISM_MePO_vs_MePO_llama_vicuna_deepseek,,50,0.0,-1.0,0,0,3,0,1,majority_loss
PRISM_MePO_vs_MePO_llama_vicuna_deepseek,,51,0.0,-1.0,0,0,3,0,1,majority_loss
PRISM_MePO_vs_MePO_llama_vicuna_deepseek,,52,0.0,-1.0,0,0,3,0,1,majority_loss
PRISM_MePO_vs_MePO_llama_vicuna_deepseek,,57,0.0,-1.0,0,0,3,0,1,majority_loss
PRISM_MePO_vs_MePO_llama_vicuna_deepseek,,58,0.0,-1.0,0,0,3,0,1,majority_loss
PRISM_MePO_vs_MePO_llama_vicuna_deepseek,,59,0.0,-1.0,0,0,3,0,1,majority_loss
PRISM_MePO_vs_MePO_llama_vicuna_deepseek,,6,0.0,-1.0,0,0,3,0,1,majority_loss
PRISM_MePO_vs_MePO_llama_vicuna_deepseek,,60,0.0,-1.0,0,0,3,0,1,majority_loss
PRISM_MePO_vs_MePO_llama_vicuna_deepseek,,61,0.0,-1.0,0,0,3,0,1,majority_loss
PRISM_MePO_vs_MePO_llama_vicuna_deepseek,,62,0.0,-1.0,0,0,3,0,1,majority_loss
PRISM_MePO_vs_MePO_llama_vicuna_deepseek,,63,0.0,-1.0,0,0,3,0,1,majority_loss
PRISM_MePO_vs_MePO_llama_vicuna_deepseek,,64,0.0,-1.0,0,0,3,0,1,majority_loss
PRISM_MePO_vs_MePO_llama_vicuna_deepseek,,65,0.0,-1.0,0,0,3,0,1,majority_loss
PRISM_MePO_vs_MePO_llama_vicuna_deepseek,,66,0.0,-1.0,0,0,3,0,1,majority_loss
PRISM_MePO_vs_MePO_llama_vicuna_deepseek,,71,0.0,-1.0,0,0,3,0,1,majority_loss
PRISM_MePO_vs_MePO_llama_vicuna_deepseek,,77,0.3333333333333333,-0.3333333333333333,1,0,2,1,1,"majority_loss,judge_instability"
PRISM_MePO_vs_MePO_llama_vicuna_deepseek,,79,0.0,-1.0,0,0,3,0,1,majority_loss
PRISM_MePO_vs_MePO_vicuna_bpo_deepseek,,104,0.0,-1.0,0,0,3,0,1,majority_loss
PRISM_MePO_vs_MePO_vicuna_bpo_deepseek,,105,0.3333333333333333,-0.3333333333333333,1,0,2,1,1,"majority_loss,judge_instability"
PRISM_MePO_vs_MePO_vicuna_bpo_deepseek,,106,0.0,-1.0,0,0,3,0,1,majority_loss
PRISM_MePO_vs_MePO_vicuna_bpo_deepseek,,107,0.0,-1.0,0,0,3,0,1,majority_loss
PRISM_MePO_vs_MePO_vicuna_bpo_deepseek,,108,0.0,-1.0,0,0,3,0,1,majority_loss
PRISM_MePO_vs_MePO_vicuna_bpo_deepseek,,109,0.6666666666666666,0.3333333333333333,2,0,1,1,0,judge_instability
PRISM_MePO_vs_MePO_vicuna_bpo_deepseek,,11,0.0,-1.0,0,0,3,0,1,majority_loss
PRISM_MePO_vs_MePO_vicuna_bpo_deepseek,,115,0.0,-1.0,0,0,3,0,1,majority_loss
PRISM_MePO_vs_MePO_vicuna_bpo_deepseek,,117,0.0,-1.0,0,0,3,0,1,majority_loss
PRISM_MePO_vs_MePO_vicuna_bpo_deepseek,,119,0.16666666666666666,-0.6666666666666666,0,1,2,1,1,"majority_loss,judge_instability"
PRISM_MePO_vs_MePO_vicuna_bpo_deepseek,,122,0.0,-1.0,0,0,3,0,1,majority_loss
PRISM_MePO_vs_MePO_vicuna_bpo_deepseek,,123,0.0,-1.0,0,0,3,0,1,majority_loss
PRISM_MePO_vs_MePO_vicuna_bpo_deepseek,,124,0.0,-1.0,0,0,3,0,1,majority_loss
PRISM_MePO_vs_MePO_vicuna_bpo_deepseek,,127,0.3333333333333333,-0.3333333333333333,1,0,2,1,1,"majority_loss,judge_instability"
PRISM_MePO_vs_MePO_vicuna_bpo_deepseek,,128,0.0,-1.0,0,0,3,0,1,majority_loss
PRISM_MePO_vs_MePO_vicuna_bpo_deepseek,,130,0.0,-1.0,0,0,3,0,1,majority_loss
PRISM_MePO_vs_MePO_vicuna_bpo_deepseek,,131,0.3333333333333333,-0.3333333333333333,0,2,1,1,0,judge_instability
PRISM_MePO_vs_MePO_vicuna_bpo_deepseek,,132,0.0,-1.0,0,0,3,0,1,majority_loss
PRISM_MePO_vs_MePO_vicuna_bpo_deepseek,,137,0.0,-1.0,0,0,3,0,1,majority_loss
PRISM_MePO_vs_MePO_vicuna_bpo_deepseek,,14,0.0,-1.0,0,0,3,0,1,majority_loss
PRISM_MePO_vs_MePO_vicuna_bpo_deepseek,,140,0.6666666666666666,0.3333333333333333,1,2,0,1,0,judge_instability
PRISM_MePO_vs_MePO_vicuna_bpo_deepseek,,142,0.0,-1.0,0,0,3,0,1,majority_loss
PRISM_MePO_vs_MePO_vicuna_bpo_deepseek,,143,0.3333333333333333,-0.3333333333333333,0,2,1,1,0,judge_instability
PRISM_MePO_vs_MePO_vicuna_bpo_deepseek,,144,0.3333333333333333,-0.3333333333333333,1,0,2,1,1,"majority_loss,judge_instability"
PRISM_MePO_vs_MePO_vicuna_bpo_deepseek,,146,0.3333333333333333,-0.3333333333333333,0,2,1,1,0,judge_instability
PRISM_MePO_vs_MePO_vicuna_bpo_deepseek,,147,0.0,-1.0,0,0,3,0,1,majority_loss
PRISM_MePO_vs_MePO_vicuna_bpo_deepseek,,15,0.8333333333333334,0.6666666666666666,2,1,0,1,0,judge_instability
PRISM_MePO_vs_MePO_vicuna_bpo_deepseek,,150,0.0,-1.0,0,0,3,0,1,majority_loss
PRISM_MePO_vs_MePO_vicuna_bpo_deepseek,,154,0.6666666666666666,0.3333333333333333,1,2,0,1,0,judge_instability
PRISM_MePO_vs_MePO_vicuna_bpo_deepseek,,155,0.0,-1.0,0,0,3,0,1,majority_loss
PRISM_MePO_vs_MePO_vicuna_bpo_deepseek,,156,0.0,-1.0,0,0,3,0,1,majority_loss
PRISM_MePO_vs_MePO_vicuna_bpo_deepseek,,16,0.0,-1.0,0,0,3,0,1,majority_loss
PRISM_MePO_vs_MePO_vicuna_bpo_deepseek,,165,0.0,-1.0,0,0,3,0,1,majority_loss
PRISM_MePO_vs_MePO_vicuna_bpo_deepseek,,166,0.0,-1.0,0,0,3,0,1,majority_loss
PRISM_MePO_vs_MePO_vicuna_bpo_deepseek,,167,0.0,-1.0,0,0,3,0,1,majority_loss
PRISM_MePO_vs_MePO_vicuna_bpo_deepseek,,17,0.16666666666666666,-0.6666666666666666,0,1,2,1,1,"majority_loss,judge_instability"
PRISM_MePO_vs_MePO_vicuna_bpo_deepseek,,171,0.6666666666666666,0.3333333333333333,1,2,0,1,0,judge_instability
PRISM_MePO_vs_MePO_vicuna_bpo_deepseek,,172,0.0,-1.0,0,0,3,0,1,majority_loss
PRISM_MePO_vs_MePO_vicuna_bpo_deepseek,,176,0.0,-1.0,0,0,3,0,1,majority_loss
PRISM_MePO_vs_MePO_vicuna_bpo_deepseek,,177,0.0,-1.0,0,0,3,0,1,majority_loss
PRISM_MePO_vs_MePO_vicuna_bpo_deepseek,,178,0.0,-1.0,0,0,3,0,1,majority_loss
PRISM_MePO_vs_MePO_vicuna_bpo_deepseek,,179,0.0,-1.0,0,0,3,0,1,majority_loss
PRISM_MePO_vs_MePO_vicuna_bpo_deepseek,,181,0.0,-1.0,0,0,3,0,1,majority_loss
PRISM_MePO_vs_MePO_vicuna_bpo_deepseek,,183,0.0,-1.0,0,0,3,0,1,majority_loss
PRISM_MePO_vs_MePO_vicuna_bpo_deepseek,,185,0.6666666666666666,0.3333333333333333,2,0,1,1,0,judge_instability
PRISM_MePO_vs_MePO_vicuna_bpo_deepseek,,187,0.0,-1.0,0,0,3,0,1,majority_loss
PRISM_MePO_vs_MePO_vicuna_bpo_deepseek,,190,0.3333333333333333,-0.3333333333333333,0,2,1,1,0,judge_instability
PRISM_MePO_vs_MePO_vicuna_bpo_deepseek,,191,0.0,-1.0,0,0,3,0,1,majority_loss
PRISM_MePO_vs_MePO_vicuna_bpo_deepseek,,192,0.0,-1.0,0,0,3,0,1,majority_loss
PRISM_MePO_vs_MePO_vicuna_bpo_deepseek,,193,0.8333333333333334,0.6666666666666666,2,1,0,1,0,judge_instability
PRISM_MePO_vs_MePO_vicuna_bpo_deepseek,,196,0.0,-1.0,0,0,3,0,1,majority_loss
PRISM_MePO_vs_MePO_vicuna_bpo_deepseek,,197,0.0,-1.0,0,0,3,0,1,majority_loss
PRISM_MePO_vs_MePO_vicuna_bpo_deepseek,,199,0.0,-1.0,0,0,3,0,1,majority_loss
PRISM_MePO_vs_MePO_vicuna_bpo_deepseek,,20,0.0,-1.0,0,0,3,0,1,majority_loss
PRISM_MePO_vs_MePO_vicuna_bpo_deepseek,,200,0.0,-1.0,0,0,3,0,1,majority_loss
PRISM_MePO_vs_MePO_vicuna_bpo_deepseek,,22,0.3333333333333333,-0.3333333333333333,0,2,1,1,0,judge_instability
PRISM_MePO_vs_MePO_vicuna_bpo_deepseek,,24,0.16666666666666666,-0.6666666666666666,0,1,2,1,1,"majority_loss,judge_instability"
PRISM_MePO_vs_MePO_vicuna_bpo_deepseek,,27,0.0,-1.0,0,0,3,0,1,majority_loss
PRISM_MePO_vs_MePO_vicuna_bpo_deepseek,,28,0.0,-1.0,0,0,3,0,1,majority_loss
PRISM_MePO_vs_MePO_vicuna_bpo_deepseek,,29,0.0,-1.0,0,0,3,0,1,majority_loss
PRISM_MePO_vs_MePO_vicuna_bpo_deepseek,,30,0.8333333333333334,0.6666666666666666,2,1,0,1,0,judge_instability
PRISM_MePO_vs_MePO_vicuna_bpo_deepseek,,31,0.0,-1.0,0,0,3,0,1,majority_loss
PRISM_MePO_vs_MePO_vicuna_bpo_deepseek,,32,0.0,-1.0,0,0,3,0,1,majority_loss
PRISM_MePO_vs_MePO_vicuna_bpo_deepseek,,37,0.0,-1.0,0,0,3,0,1,majority_loss
PRISM_MePO_vs_MePO_vicuna_bpo_deepseek,,43,0.0,-1.0,0,0,3,0,1,majority_loss
PRISM_MePO_vs_MePO_vicuna_bpo_deepseek,,45,0.0,-1.0,0,0,3,0,1,majority_loss
PRISM_MePO_vs_MePO_vicuna_bpo_deepseek,,47,0.0,-1.0,0,0,3,0,1,majority_loss
PRISM_MePO_vs_MePO_vicuna_bpo_deepseek,,48,0.6666666666666666,0.3333333333333333,1,2,0,1,0,judge_instability
PRISM_MePO_vs_MePO_vicuna_bpo_deepseek,,49,0.8333333333333334,0.6666666666666666,2,1,0,1,0,judge_instability
PRISM_MePO_vs_MePO_vicuna_bpo_deepseek,,50,0.0,-1.0,0,0,3,0,1,majority_loss
PRISM_MePO_vs_MePO_vicuna_bpo_deepseek,,51,0.0,-1.0,0,0,3,0,1,majority_loss
PRISM_MePO_vs_MePO_vicuna_bpo_deepseek,,53,0.0,-1.0,0,0,3,0,1,majority_loss
PRISM_MePO_vs_MePO_vicuna_bpo_deepseek,,54,0.0,-1.0,0,0,3,0,1,majority_loss
PRISM_MePO_vs_MePO_vicuna_bpo_deepseek,,55,0.6666666666666666,0.3333333333333333,2,0,1,1,0,judge_instability
PRISM_MePO_vs_MePO_vicuna_bpo_deepseek,,60,0.8333333333333334,0.6666666666666666,2,1,0,1,0,judge_instability
PRISM_MePO_vs_MePO_vicuna_bpo_deepseek,,61,0.16666666666666666,-0.6666666666666666,0,1,2,1,1,"majority_loss,judge_instability"
PRISM_MePO_vs_MePO_vicuna_bpo_deepseek,,62,0.0,-1.0,0,0,3,0,1,majority_loss
PRISM_MePO_vs_MePO_vicuna_bpo_deepseek,,63,0.0,-1.0,0,0,3,0,1,majority_loss
PRISM_MePO_vs_MePO_vicuna_bpo_deepseek,,64,0.0,-1.0,0,0,3,0,1,majority_loss
PRISM_MePO_vs_MePO_vicuna_bpo_deepseek,,65,0.0,-1.0,0,0,3,0,1,majority_loss
PRISM_MePO_vs_MePO_vicuna_bpo_deepseek,,66,0.16666666666666666,-0.6666666666666666,0,1,2,1,1,"majority_loss,judge_instability"
PRISM_MePO_vs_MePO_vicuna_bpo_deepseek,,67,0.0,-1.0,0,0,3,0,1,majority_loss
PRISM_MePO_vs_MePO_vicuna_bpo_deepseek,,7,0.0,-1.0,0,0,3,0,1,majority_loss
PRISM_MePO_vs_MePO_vicuna_bpo_deepseek,,70,0.8333333333333334,0.6666666666666666,2,1,0,1,0,judge_instability
PRISM_MePO_vs_MePO_vicuna_bpo_deepseek,,71,0.0,-1.0,0,0,3,0,1,majority_loss
PRISM_MePO_vs_MePO_vicuna_bpo_deepseek,,72,0.0,-1.0,0,0,3,0,1,majority_loss
PRISM_MePO_vs_MePO_vicuna_bpo_deepseek,,74,0.0,-1.0,0,0,3,0,1,majority_loss
PRISM_MePO_vs_MePO_vicuna_bpo_deepseek,,76,0.6666666666666666,0.3333333333333333,1,2,0,1,0,judge_instability
PRISM_MePO_vs_MePO_vicuna_bpo_deepseek,,77,0.3333333333333333,-0.3333333333333333,1,0,2,1,1,"majority_loss,judge_instability"
PRISM_MePO_vs_MePO_vicuna_bpo_deepseek,,80,0.0,-1.0,0,0,3,0,1,majority_loss
PRISM_MePO_vs_MePO_vicuna_bpo_deepseek,,81,0.0,-1.0,0,0,3,0,1,majority_loss
PRISM_MePO_vs_MePO_vicuna_bpo_deepseek,,83,0.0,-1.0,0,0,3,0,1,majority_loss
PRISM_MePO_vs_MePO_vicuna_bpo_deepseek,,85,0.0,-1.0,0,0,3,0,1,majority_loss
PRISM_MePO_vs_MePO_vicuna_bpo_deepseek,,86,0.0,-1.0,0,0,3,0,1,majority_loss
PRISM_MePO_vs_MePO_vicuna_bpo_deepseek,,88,0.0,-1.0,0,0,3,0,1,majority_loss
PRISM_MePO_vs_MePO_vicuna_bpo_deepseek,,9,0.0,-1.0,0,0,3,0,1,majority_loss
PRISM_MePO_vs_MePO_vicuna_bpo_deepseek,,93,0.3333333333333333,-0.3333333333333333,1,0,2,1,1,"majority_loss,judge_instability"
PRISM_MePO_vs_MePO_vicuna_bpo_deepseek,,96,0.0,-1.0,0,0,3,0,1,majority_loss
PRISM_MePO_vs_MePO_vicuna_bpo_deepseek,,97,0.0,-1.0,0,0,3,0,1,majority_loss
PRISM_MePO_vs_MePO_vicuna_bpo_deepseek,,99,0.0,-1.0,0,0,3,0,1,majority_loss
PRISM_MePO_vs_MePO_vicuna_dolly_deepseek,,101,0.8333333333333334,0.6666666666666666,2,1,0,1,0,judge_instability
PRISM_MePO_vs_MePO_vicuna_dolly_deepseek,,103,0.0,-1.0,0,0,3,0,1,majority_loss
PRISM_MePO_vs_MePO_vicuna_dolly_deepseek,,104,0.8333333333333334,0.6666666666666666,2,1,0,1,0,judge_instability
PRISM_MePO_vs_MePO_vicuna_dolly_deepseek,,105,0.0,-1.0,0,0,3,0,1,majority_loss
PRISM_MePO_vs_MePO_vicuna_dolly_deepseek,,106,0.0,-1.0,0,0,3,0,1,majority_loss
PRISM_MePO_vs_MePO_vicuna_dolly_deepseek,,107,0.8333333333333334,0.6666666666666666,2,1,0,1,0,judge_instability
PRISM_MePO_vs_MePO_vicuna_dolly_deepseek,,108,0.0,-1.0,0,0,3,0,1,majority_loss
PRISM_MePO_vs_MePO_vicuna_dolly_deepseek,,109,0.0,-1.0,0,0,3,0,1,majority_loss
PRISM_MePO_vs_MePO_vicuna_dolly_deepseek,,112,0.0,-1.0,0,0,3,0,1,majority_loss
PRISM_MePO_vs_MePO_vicuna_dolly_deepseek,,113,0.0,-1.0,0,0,3,0,1,majority_loss
PRISM_MePO_vs_MePO_vicuna_dolly_deepseek,,117,0.0,-1.0,0,0,3,0,1,majority_loss
PRISM_MePO_vs_MePO_vicuna_dolly_deepseek,,12,0.0,-1.0,0,0,3,0,1,majority_loss
PRISM_MePO_vs_MePO_vicuna_dolly_deepseek,,120,0.0,-1.0,0,0,3,0,1,majority_loss
PRISM_MePO_vs_MePO_vicuna_dolly_deepseek,,122,0.0,-1.0,0,0,3,0,1,majority_loss
PRISM_MePO_vs_MePO_vicuna_dolly_deepseek,,131,0.0,-1.0,0,0,3,0,1,majority_loss
PRISM_MePO_vs_MePO_vicuna_dolly_deepseek,,133,0.0,-1.0,0,0,3,0,1,majority_loss
PRISM_MePO_vs_MePO_vicuna_dolly_deepseek,,136,0.0,-1.0,0,0,3,0,1,majority_loss
PRISM_MePO_vs_MePO_vicuna_dolly_deepseek,,137,0.0,-1.0,0,0,3,0,1,majority_loss
PRISM_MePO_vs_MePO_vicuna_dolly_deepseek,,138,0.0,-1.0,0,0,3,0,1,majority_loss
PRISM_MePO_vs_MePO_vicuna_dolly_deepseek,,14,0.0,-1.0,0,0,3,0,1,majority_loss
PRISM_MePO_vs_MePO_vicuna_dolly_deepseek,,147,0.16666666666666666,-0.6666666666666666,0,1,2,1,1,"majority_loss,judge_instability"
PRISM_MePO_vs_MePO_vicuna_dolly_deepseek,,148,0.0,-1.0,0,0,3,0,1,majority_loss
PRISM_MePO_vs_MePO_vicuna_dolly_deepseek,,15,0.6666666666666666,0.3333333333333333,1,2,0,1,0,judge_instability
PRISM_MePO_vs_MePO_vicuna_dolly_deepseek,,150,0.0,-1.0,0,0,3,0,1,majority_loss
PRISM_MePO_vs_MePO_vicuna_dolly_deepseek,,153,0.0,-1.0,0,0,3,0,1,majority_loss
PRISM_MePO_vs_MePO_vicuna_dolly_deepseek,,157,0.5,0.0,1,1,1,1,0,judge_instability
PRISM_MePO_vs_MePO_vicuna_dolly_deepseek,,16,0.0,-1.0,0,0,3,0,1,majority_loss
PRISM_MePO_vs_MePO_vicuna_dolly_deepseek,,162,0.3333333333333333,-0.3333333333333333,0,2,1,1,0,judge_instability
PRISM_MePO_vs_MePO_vicuna_dolly_deepseek,,17,0.0,-1.0,0,0,3,0,1,majority_loss
PRISM_MePO_vs_MePO_vicuna_dolly_deepseek,,170,0.0,-1.0,0,0,3,0,1,majority_loss
PRISM_MePO_vs_MePO_vicuna_dolly_deepseek,,171,0.0,-1.0,0,0,3,0,1,majority_loss
PRISM_MePO_vs_MePO_vicuna_dolly_deepseek,,172,0.0,-1.0,0,0,3,0,1,majority_loss
PRISM_MePO_vs_MePO_vicuna_dolly_deepseek,,173,0.0,-1.0,0,0,3,0,1,majority_loss
PRISM_MePO_vs_MePO_vicuna_dolly_deepseek,,176,0.0,-1.0,0,0,3,0,1,majority_loss
PRISM_MePO_vs_MePO_vicuna_dolly_deepseek,,177,0.0,-1.0,0,0,3,0,1,majority_loss
PRISM_MePO_vs_MePO_vicuna_dolly_deepseek,,179,0.3333333333333333,-0.3333333333333333,0,2,1,1,0,judge_instability
PRISM_MePO_vs_MePO_vicuna_dolly_deepseek,,18,0.0,-1.0,0,0,3,0,1,majority_loss
PRISM_MePO_vs_MePO_vicuna_dolly_deepseek,,182,0.0,-1.0,0,0,3,0,1,majority_loss
PRISM_MePO_vs_MePO_vicuna_dolly_deepseek,,184,0.0,-1.0,0,0,3,0,1,majority_loss
PRISM_MePO_vs_MePO_vicuna_dolly_deepseek,,186,0.0,-1.0,0,0,3,0,1,majority_loss
PRISM_MePO_vs_MePO_vicuna_dolly_deepseek,,187,0.0,-1.0,0,0,3,0,1,majority_loss
PRISM_MePO_vs_MePO_vicuna_dolly_deepseek,,19,0.5,0.0,1,1,1,1,0,judge_instability
PRISM_MePO_vs_MePO_vicuna_dolly_deepseek,,190,0.0,-1.0,0,0,3,0,1,majority_loss
PRISM_MePO_vs_MePO_vicuna_dolly_deepseek,,191,0.0,-1.0,0,0,3,0,1,majority_loss
PRISM_MePO_vs_MePO_vicuna_dolly_deepseek,,196,0.0,-1.0,0,0,3,0,1,majority_loss
PRISM_MePO_vs_MePO_vicuna_dolly_deepseek,,198,0.0,-1.0,0,0,3,0,1,majority_loss
PRISM_MePO_vs_MePO_vicuna_dolly_deepseek,,2,0.0,-1.0,0,0,3,0,1,majority_loss
PRISM_MePO_vs_MePO_vicuna_dolly_deepseek,,20,0.3333333333333333,-0.3333333333333333,0,2,1,1,0,judge_instability
PRISM_MePO_vs_MePO_vicuna_dolly_deepseek,,200,0.0,-1.0,0,0,3,0,1,majority_loss
PRISM_MePO_vs_MePO_vicuna_dolly_deepseek,,21,0.6666666666666666,0.3333333333333333,1,2,0,1,0,judge_instability
PRISM_MePO_vs_MePO_vicuna_dolly_deepseek,,22,0.0,-1.0,0,0,3,0,1,majority_loss
PRISM_MePO_vs_MePO_vicuna_dolly_deepseek,,25,0.0,-1.0,0,0,3,0,1,majority_loss
PRISM_MePO_vs_MePO_vicuna_dolly_deepseek,,28,0.0,-1.0,0,0,3,0,1,majority_loss
PRISM_MePO_vs_MePO_vicuna_dolly_deepseek,,31,0.0,-1.0,0,0,3,0,1,majority_loss
PRISM_MePO_vs_MePO_vicuna_dolly_deepseek,,38,0.16666666666666666,-0.6666666666666666,0,1,2,1,1,"majority_loss,judge_instability"
PRISM_MePO_vs_MePO_vicuna_dolly_deepseek,,40,0.0,-1.0,0,0,3,0,1,majority_loss
PRISM_MePO_vs_MePO_vicuna_dolly_deepseek,,42,0.8333333333333334,0.6666666666666666,2,1,0,1,0,judge_instability
PRISM_MePO_vs_MePO_vicuna_dolly_deepseek,,43,0.0,-1.0,0,0,3,0,1,majority_loss
PRISM_MePO_vs_MePO_vicuna_dolly_deepseek,,47,0.0,-1.0,0,0,3,0,1,majority_loss
PRISM_MePO_vs_MePO_vicuna_dolly_deepseek,,48,0.0,-1.0,0,0,3,0,1,majority_loss
PRISM_MePO_vs_MePO_vicuna_dolly_deepseek,,52,0.0,-1.0,0,0,3,0,1,majority_loss
PRISM_MePO_vs_MePO_vicuna_dolly_deepseek,,55,0.0,-1.0,0,0,3,0,1,majority_loss
PRISM_MePO_vs_MePO_vicuna_dolly_deepseek,,58,0.6666666666666666,0.3333333333333333,2,0,1,1,0,judge_instability
PRISM_MePO_vs_MePO_vicuna_dolly_deepseek,,59,0.0,-1.0,0,0,3,0,1,majority_loss
PRISM_MePO_vs_MePO_vicuna_dolly_deepseek,,63,0.0,-1.0,0,0,3,0,1,majority_loss
PRISM_MePO_vs_MePO_vicuna_dolly_deepseek,,66,0.0,-1.0,0,0,3,0,1,majority_loss
PRISM_MePO_vs_MePO_vicuna_dolly_deepseek,,67,0.0,-1.0,0,0,3,0,1,majority_loss
PRISM_MePO_vs_MePO_vicuna_dolly_deepseek,,68,0.8333333333333334,0.6666666666666666,2,1,0,1,0,judge_instability
PRISM_MePO_vs_MePO_vicuna_dolly_deepseek,,69,0.0,-1.0,0,0,3,0,1,majority_loss
PRISM_MePO_vs_MePO_vicuna_dolly_deepseek,,7,0.0,-1.0,0,0,3,0,1,majority_loss
PRISM_MePO_vs_MePO_vicuna_dolly_deepseek,,70,0.0,-1.0,0,0,3,0,1,majority_loss
PRISM_MePO_vs_MePO_vicuna_dolly_deepseek,,74,0.0,-1.0,0,0,3,0,1,majority_loss
PRISM_MePO_vs_MePO_vicuna_dolly_deepseek,,79,0.8333333333333334,0.6666666666666666,2,1,0,1,0,judge_instability
PRISM_MePO_vs_MePO_vicuna_dolly_deepseek,,80,0.0,-1.0,0,0,3,0,1,majority_loss
PRISM_MePO_vs_MePO_vicuna_dolly_deepseek,,83,0.0,-1.0,0,0,3,0,1,majority_loss
PRISM_MePO_vs_MePO_vicuna_dolly_deepseek,,85,0.0,-1.0,0,0,3,0,1,majority_loss
PRISM_MePO_vs_MePO_vicuna_dolly_deepseek,,86,0.0,-1.0,0,0,3,0,1,majority_loss
PRISM_MePO_vs_MePO_vicuna_dolly_deepseek,,87,0.6666666666666666,0.3333333333333333,2,0,1,1,0,judge_instability
PRISM_MePO_vs_MePO_vicuna_dolly_deepseek,,89,0.0,-1.0,0,0,3,0,1,majority_loss
PRISM_MePO_vs_MePO_vicuna_dolly_deepseek,,9,0.0,-1.0,0,0,3,0,1,majority_loss
PRISM_MePO_vs_MePO_vicuna_dolly_deepseek,,91,0.0,-1.0,0,0,3,0,1,majority_loss
PRISM_MePO_vs_MePO_vicuna_dolly_deepseek,,92,0.0,-1.0,0,0,3,0,1,majority_loss
PRISM_MePO_vs_MePO_vicuna_dolly_deepseek,,93,0.0,-1.0,0,0,3,0,1,majority_loss
PRISM_MePO_vs_MePO_vicuna_dolly_deepseek,,97,0.0,-1.0,0,0,3,0,1,majority_loss
PRISM_MePO_vs_MePO_vicuna_self_deepseek,,user_oriented_task_10,0.0,-1.0,0,0,3,0,1,majority_loss
PRISM_MePO_vs_MePO_vicuna_self_deepseek,,user_oriented_task_101,0.0,-1.0,0,0,3,0,1,majority_loss
PRISM_MePO_vs_MePO_vicuna_self_deepseek,,user_oriented_task_102,0.0,-1.0,0,0,3,0,1,majority_loss
PRISM_MePO_vs_MePO_vicuna_self_deepseek,,user_oriented_task_103,0.6666666666666666,0.3333333333333333,1,2,0,1,0,judge_instability
PRISM_MePO_vs_MePO_vicuna_self_deepseek,,user_oriented_task_106,0.6666666666666666,0.3333333333333333,2,0,1,1,0,judge_instability
PRISM_MePO_vs_MePO_vicuna_self_deepseek,,user_oriented_task_108,0.8333333333333334,0.6666666666666666,2,1,0,1,0,judge_instability
PRISM_MePO_vs_MePO_vicuna_self_deepseek,,user_oriented_task_110,0.3333333333333333,-0.3333333333333333,0,2,1,1,0,judge_instability
PRISM_MePO_vs_MePO_vicuna_self_deepseek,,user_oriented_task_113,0.16666666666666666,-0.6666666666666666,0,1,2,1,1,"majority_loss,judge_instability"
PRISM_MePO_vs_MePO_vicuna_self_deepseek,,user_oriented_task_115,0.3333333333333333,-0.3333333333333333,0,2,1,1,0,judge_instability
PRISM_MePO_vs_MePO_vicuna_self_deepseek,,user_oriented_task_117,0.0,-1.0,0,0,3,0,1,majority_loss
PRISM_MePO_vs_MePO_vicuna_self_deepseek,,user_oriented_task_118,0.0,-1.0,0,0,3,0,1,majority_loss
PRISM_MePO_vs_MePO_vicuna_self_deepseek,,user_oriented_task_12,0.0,-1.0,0,0,3,0,1,majority_loss
PRISM_MePO_vs_MePO_vicuna_self_deepseek,,user_oriented_task_121,0.0,-1.0,0,0,3,0,1,majority_loss
PRISM_MePO_vs_MePO_vicuna_self_deepseek,,user_oriented_task_122,0.3333333333333333,-0.3333333333333333,0,2,1,1,0,judge_instability
PRISM_MePO_vs_MePO_vicuna_self_deepseek,,user_oriented_task_125,0.0,-1.0,0,0,3,0,1,majority_loss
PRISM_MePO_vs_MePO_vicuna_self_deepseek,,user_oriented_task_126,0.0,-1.0,0,0,3,0,1,majority_loss
PRISM_MePO_vs_MePO_vicuna_self_deepseek,,user_oriented_task_127,0.0,-1.0,0,0,3,0,1,majority_loss
PRISM_MePO_vs_MePO_vicuna_self_deepseek,,user_oriented_task_129,0.0,-1.0,0,0,3,0,1,majority_loss
PRISM_MePO_vs_MePO_vicuna_self_deepseek,,user_oriented_task_130,0.0,-1.0,0,0,3,0,1,majority_loss
PRISM_MePO_vs_MePO_vicuna_self_deepseek,,user_oriented_task_131,0.0,-1.0,0,0,3,0,1,majority_loss
PRISM_MePO_vs_MePO_vicuna_self_deepseek,,user_oriented_task_133,0.0,-1.0,0,0,3,0,1,majority_loss
PRISM_MePO_vs_MePO_vicuna_self_deepseek,,user_oriented_task_135,0.16666666666666666,-0.6666666666666666,0,1,2,1,1,"majority_loss,judge_instability"
PRISM_MePO_vs_MePO_vicuna_self_deepseek,,user_oriented_task_137,0.0,-1.0,0,0,3,0,1,majority_loss
PRISM_MePO_vs_MePO_vicuna_self_deepseek,,user_oriented_task_138,0.8333333333333334,0.6666666666666666,2,1,0,1,0,judge_instability
PRISM_MePO_vs_MePO_vicuna_self_deepseek,,user_oriented_task_139,0.0,-1.0,0,0,3,0,1,majority_loss
PRISM_MePO_vs_MePO_vicuna_self_deepseek,,user_oriented_task_143,0.0,-1.0,0,0,3,0,1,majority_loss
PRISM_MePO_vs_MePO_vicuna_self_deepseek,,user_oriented_task_144,0.0,-1.0,0,0,3,0,1,majority_loss
PRISM_MePO_vs_MePO_vicuna_self_deepseek,,user_oriented_task_145,0.0,-1.0,0,0,3,0,1,majority_loss
PRISM_MePO_vs_MePO_vicuna_self_deepseek,,user_oriented_task_146,0.0,-1.0,0,0,3,0,1,majority_loss
PRISM_MePO_vs_MePO_vicuna_self_deepseek,,user_oriented_task_148,0.8333333333333334,0.6666666666666666,2,1,0,1,0,judge_instability
PRISM_MePO_vs_MePO_vicuna_self_deepseek,,user_oriented_task_15,0.8333333333333334,0.6666666666666666,2,1,0,1,0,judge_instability
PRISM_MePO_vs_MePO_vicuna_self_deepseek,,user_oriented_task_153,0.0,-1.0,0,0,3,0,1,majority_loss
PRISM_MePO_vs_MePO_vicuna_self_deepseek,,user_oriented_task_154,0.0,-1.0,0,0,3,0,1,majority_loss
PRISM_MePO_vs_MePO_vicuna_self_deepseek,,user_oriented_task_156,0.6666666666666666,0.3333333333333333,2,0,1,1,0,judge_instability
PRISM_MePO_vs_MePO_vicuna_self_deepseek,,user_oriented_task_158,0.0,-1.0,0,0,3,0,1,majority_loss
PRISM_MePO_vs_MePO_vicuna_self_deepseek,,user_oriented_task_160,0.0,-1.0,0,0,3,0,1,majority_loss
PRISM_MePO_vs_MePO_vicuna_self_deepseek,,user_oriented_task_162,0.8333333333333334,0.6666666666666666,2,1,0,1,0,judge_instability
PRISM_MePO_vs_MePO_vicuna_self_deepseek,,user_oriented_task_163,0.0,-1.0,0,0,3,0,1,majority_loss
PRISM_MePO_vs_MePO_vicuna_self_deepseek,,user_oriented_task_165,0.0,-1.0,0,0,3,0,1,majority_loss
PRISM_MePO_vs_MePO_vicuna_self_deepseek,,user_oriented_task_166,0.16666666666666666,-0.6666666666666666,0,1,2,1,1,"majority_loss,judge_instability"
PRISM_MePO_vs_MePO_vicuna_self_deepseek,,user_oriented_task_170,0.0,-1.0,0,0,3,0,1,majority_loss
PRISM_MePO_vs_MePO_vicuna_self_deepseek,,user_oriented_task_172,0.8333333333333334,0.6666666666666666,2,1,0,1,0,judge_instability
PRISM_MePO_vs_MePO_vicuna_self_deepseek,,user_oriented_task_175,0.6666666666666666,0.3333333333333333,1,2,0,1,0,judge_instability
PRISM_MePO_vs_MePO_vicuna_self_deepseek,,user_oriented_task_177,0.6666666666666666,0.3333333333333333,1,2,0,1,0,judge_instability
PRISM_MePO_vs_MePO_vicuna_self_deepseek,,user_oriented_task_180,0.8333333333333334,0.6666666666666666,2,1,0,1,0,judge_instability
PRISM_MePO_vs_MePO_vicuna_self_deepseek,,user_oriented_task_184,0.0,-1.0,0,0,3,0,1,majority_loss
PRISM_MePO_vs_MePO_vicuna_self_deepseek,,user_oriented_task_19,0.0,-1.0,0,0,3,0,1,majority_loss
PRISM_MePO_vs_MePO_vicuna_self_deepseek,,user_oriented_task_191,0.0,-1.0,0,0,3,0,1,majority_loss
PRISM_MePO_vs_MePO_vicuna_self_deepseek,,user_oriented_task_192,0.0,-1.0,0,0,3,0,1,majority_loss
PRISM_MePO_vs_MePO_vicuna_self_deepseek,,user_oriented_task_196,0.0,-1.0,0,0,3,0,1,majority_loss
PRISM_MePO_vs_MePO_vicuna_self_deepseek,,user_oriented_task_198,0.0,-1.0,0,0,3,0,1,majority_loss
PRISM_MePO_vs_MePO_vicuna_self_deepseek,,user_oriented_task_202,0.0,-1.0,0,0,3,0,1,majority_loss
PRISM_MePO_vs_MePO_vicuna_self_deepseek,,user_oriented_task_204,0.0,-1.0,0,0,3,0,1,majority_loss
PRISM_MePO_vs_MePO_vicuna_self_deepseek,,user_oriented_task_205,0.0,-1.0,0,0,3,0,1,majority_loss
PRISM_MePO_vs_MePO_vicuna_self_deepseek,,user_oriented_task_208,0.0,-1.0,0,0,3,0,1,majority_loss
PRISM_MePO_vs_MePO_vicuna_self_deepseek,,user_oriented_task_21,0.0,-1.0,0,0,3,0,1,majority_loss
PRISM_MePO_vs_MePO_vicuna_self_deepseek,,user_oriented_task_22,0.0,-1.0,0,0,3,0,1,majority_loss
PRISM_MePO_vs_MePO_vicuna_self_deepseek,,user_oriented_task_220,0.0,-1.0,0,0,3,0,1,majority_loss
PRISM_MePO_vs_MePO_vicuna_self_deepseek,,user_oriented_task_222,0.0,-1.0,0,0,3,0,1,majority_loss
PRISM_MePO_vs_MePO_vicuna_self_deepseek,,user_oriented_task_229,0.0,-1.0,0,0,3,0,1,majority_loss
PRISM_MePO_vs_MePO_vicuna_self_deepseek,,user_oriented_task_23,0.0,-1.0,0,0,3,0,1,majority_loss
PRISM_MePO_vs_MePO_vicuna_self_deepseek,,user_oriented_task_230,0.5,0.0,1,1,1,1,0,judge_instability
PRISM_MePO_vs_MePO_vicuna_self_deepseek,,user_oriented_task_233,0.8333333333333334,0.6666666666666666,2,1,0,1,0,judge_instability
PRISM_MePO_vs_MePO_vicuna_self_deepseek,,user_oriented_task_235,0.0,-1.0,0,0,3,0,1,majority_loss
PRISM_MePO_vs_MePO_vicuna_self_deepseek,,user_oriented_task_236,0.6666666666666666,0.3333333333333333,1,2,0,1,0,judge_instability
PRISM_MePO_vs_MePO_vicuna_self_deepseek,,user_oriented_task_238,0.8333333333333334,0.6666666666666666,2,1,0,1,0,judge_instability
PRISM_MePO_vs_MePO_vicuna_self_deepseek,,user_oriented_task_24,0.0,-1.0,0,0,3,0,1,majority_loss
PRISM_MePO_vs_MePO_vicuna_self_deepseek,,user_oriented_task_243,0.0,-1.0,0,0,3,0,1,majority_loss
PRISM_MePO_vs_MePO_vicuna_self_deepseek,,user_oriented_task_244,0.0,-1.0,0,0,3,0,1,majority_loss
PRISM_MePO_vs_MePO_vicuna_self_deepseek,,user_oriented_task_249,0.0,-1.0,0,0,3,0,1,majority_loss
PRISM_MePO_vs_MePO_vicuna_self_deepseek,,user_oriented_task_250,0.0,-1.0,0,0,3,0,1,majority_loss
PRISM_MePO_vs_MePO_vicuna_self_deepseek,,user_oriented_task_251,0.3333333333333333,-0.3333333333333333,0,2,1,1,0,judge_instability
PRISM_MePO_vs_MePO_vicuna_self_deepseek,,user_oriented_task_26,0.16666666666666666,-0.6666666666666666,0,1,2,1,1,"majority_loss,judge_instability"
PRISM_MePO_vs_MePO_vicuna_self_deepseek,,user_oriented_task_27,0.6666666666666666,0.3333333333333333,2,0,1,1,0,judge_instability
PRISM_MePO_vs_MePO_vicuna_self_deepseek,,user_oriented_task_28,0.0,-1.0,0,0,3,0,1,majority_loss
PRISM_MePO_vs_MePO_vicuna_self_deepseek,,user_oriented_task_29,0.0,-1.0,0,0,3,0,1,majority_loss
PRISM_MePO_vs_MePO_vicuna_self_deepseek,,user_oriented_task_30,0.0,-1.0,0,0,3,0,1,majority_loss
PRISM_MePO_vs_MePO_vicuna_self_deepseek,,user_oriented_task_33,0.0,-1.0,0,0,3,0,1,majority_loss
PRISM_MePO_vs_MePO_vicuna_self_deepseek,,user_oriented_task_34,0.0,-1.0,0,0,3,0,1,majority_loss
PRISM_MePO_vs_MePO_vicuna_self_deepseek,,user_oriented_task_37,0.0,-1.0,0,0,3,0,1,majority_loss
PRISM_MePO_vs_MePO_vicuna_self_deepseek,,user_oriented_task_38,0.0,-1.0,0,0,3,0,1,majority_loss
PRISM_MePO_vs_MePO_vicuna_self_deepseek,,user_oriented_task_41,0.0,-1.0,0,0,3,0,1,majority_loss
PRISM_MePO_vs_MePO_vicuna_self_deepseek,,user_oriented_task_42,0.6666666666666666,0.3333333333333333,2,0,1,1,0,judge_instability
PRISM_MePO_vs_MePO_vicuna_self_deepseek,,user_oriented_task_46,0.0,-1.0,0,0,3,0,1,majority_loss
PRISM_MePO_vs_MePO_vicuna_self_deepseek,,user_oriented_task_47,0.0,-1.0,0,0,3,0,1,majority_loss
PRISM_MePO_vs_MePO_vicuna_self_deepseek,,user_oriented_task_5,0.3333333333333333,-0.3333333333333333,0,2,1,1,0,judge_instability
PRISM_MePO_vs_MePO_vicuna_self_deepseek,,user_oriented_task_57,0.0,-1.0,0,0,3,0,1,majority_loss
PRISM_MePO_vs_MePO_vicuna_self_deepseek,,user_oriented_task_58,0.0,-1.0,0,0,3,0,1,majority_loss
PRISM_MePO_vs_MePO_vicuna_self_deepseek,,user_oriented_task_60,0.0,-1.0,0,0,3,0,1,majority_loss
PRISM_MePO_vs_MePO_vicuna_self_deepseek,,user_oriented_task_63,0.0,-1.0,0,0,3,0,1,majority_loss
PRISM_MePO_vs_MePO_vicuna_self_deepseek,,user_oriented_task_64,0.3333333333333333,-0.3333333333333333,1,0,2,1,1,"majority_loss,judge_instability"
PRISM_MePO_vs_MePO_vicuna_self_deepseek,,user_oriented_task_70,0.0,-1.0,0,0,3,0,1,majority_loss
PRISM_MePO_vs_MePO_vicuna_self_deepseek,,user_oriented_task_73,0.0,-1.0,0,0,3,0,1,majority_loss
PRISM_MePO_vs_MePO_vicuna_self_deepseek,,user_oriented_task_74,0.0,-1.0,0,0,3,0,1,majority_loss
PRISM_MePO_vs_MePO_vicuna_self_deepseek,,user_oriented_task_76,0.0,-1.0,0,0,3,0,1,majority_loss
PRISM_MePO_vs_MePO_vicuna_self_deepseek,,user_oriented_task_77,0.0,-1.0,0,0,3,0,1,majority_loss
PRISM_MePO_vs_MePO_vicuna_self_deepseek,,user_oriented_task_78,0.0,-1.0,0,0,3,0,1,majority_loss
PRISM_MePO_vs_MePO_vicuna_self_deepseek,,user_oriented_task_79,0.0,-1.0,0,0,3,0,1,majority_loss
PRISM_MePO_vs_MePO_vicuna_self_deepseek,,user_oriented_task_81,0.0,-1.0,0,0,3,0,1,majority_loss
PRISM_MePO_vs_MePO_vicuna_self_deepseek,,user_oriented_task_84,0.0,-1.0,0,0,3,0,1,majority_loss
PRISM_MePO_vs_MePO_vicuna_self_deepseek,,user_oriented_task_85,0.0,-1.0,0,0,3,0,1,majority_loss
PRISM_MePO_vs_MePO_vicuna_self_deepseek,,user_oriented_task_89,0.0,-1.0,0,0,3,0,1,majority_loss
PRISM_MePO_vs_MePO_vicuna_self_deepseek,,user_oriented_task_95,0.0,-1.0,0,0,3,0,1,majority_loss
PRISM_MePO_vs_MePO_vicuna_self_deepseek,,user_oriented_task_98,0.0,-1.0,0,0,3,0,1,majority_loss
PRISM_MePO_vs_MePO_vicuna_self_deepseek,,user_oriented_task_99,0.0,-1.0,0,0,3,0,1,majority_loss
PRISM_MePO_vs_MePO_vicuna_vicuna_deepseek,,13,0.5,0.0,1,1,1,1,0,judge_instability
PRISM_MePO_vs_MePO_vicuna_vicuna_deepseek,,15,0.0,-1.0,0,0,3,0,1,majority_loss
PRISM_MePO_vs_MePO_vicuna_vicuna_deepseek,,18,0.0,-1.0,0,0,3,0,1,majority_loss
PRISM_MePO_vs_MePO_vicuna_vicuna_deepseek,,20,0.0,-1.0,0,0,3,0,1,majority_loss
PRISM_MePO_vs_MePO_vicuna_vicuna_deepseek,,21,0.0,-1.0,0,0,3,0,1,majority_loss
PRISM_MePO_vs_MePO_vicuna_vicuna_deepseek,,22,0.0,-1.0,0,0,3,0,1,majority_loss
PRISM_MePO_vs_MePO_vicuna_vicuna_deepseek,,23,0.0,-1.0,0,0,3,0,1,majority_loss
PRISM_MePO_vs_MePO_vicuna_vicuna_deepseek,,26,0.0,-1.0,0,0,3,0,1,majority_loss
PRISM_MePO_vs_MePO_vicuna_vicuna_deepseek,,27,0.8333333333333334,0.6666666666666666,2,1,0,1,0,judge_instability
PRISM_MePO_vs_MePO_vicuna_vicuna_deepseek,,28,0.0,-1.0,0,0,3,0,1,majority_loss
PRISM_MePO_vs_MePO_vicuna_vicuna_deepseek,,29,0.3333333333333333,-0.3333333333333333,0,2,1,1,0,judge_instability
PRISM_MePO_vs_MePO_vicuna_vicuna_deepseek,,31,0.0,-1.0,0,0,3,0,1,majority_loss
PRISM_MePO_vs_MePO_vicuna_vicuna_deepseek,,32,0.3333333333333333,-0.3333333333333333,0,2,1,1,0,judge_instability
PRISM_MePO_vs_MePO_vicuna_vicuna_deepseek,,34,0.6666666666666666,0.3333333333333333,1,2,0,1,0,judge_instability
PRISM_MePO_vs_MePO_vicuna_vicuna_deepseek,,37,0.8333333333333334,0.6666666666666666,2,1,0,1,0,judge_instability
PRISM_MePO_vs_MePO_vicuna_vicuna_deepseek,,39,0.0,-1.0,0,0,3,0,1,majority_loss
PRISM_MePO_vs_MePO_vicuna_vicuna_deepseek,,40,0.0,-1.0,0,0,3,0,1,majority_loss
PRISM_MePO_vs_MePO_vicuna_vicuna_deepseek,,43,0.0,-1.0,0,0,3,0,1,majority_loss
PRISM_MePO_vs_MePO_vicuna_vicuna_deepseek,,45,0.3333333333333333,-0.3333333333333333,1,0,2,1,1,"majority_loss,judge_instability"
PRISM_MePO_vs_MePO_vicuna_vicuna_deepseek,,47,0.0,-1.0,0,0,3,0,1,majority_loss
PRISM_MePO_vs_MePO_vicuna_vicuna_deepseek,,49,0.0,-1.0,0,0,3,0,1,majority_loss
PRISM_MePO_vs_MePO_vicuna_vicuna_deepseek,,5,0.8333333333333334,0.6666666666666666,2,1,0,1,0,judge_instability
PRISM_MePO_vs_MePO_vicuna_vicuna_deepseek,,51,0.0,-1.0,0,0,3,0,1,majority_loss
PRISM_MePO_vs_MePO_vicuna_vicuna_deepseek,,52,0.5,0.0,1,1,1,1,0,judge_instability
PRISM_MePO_vs_MePO_vicuna_vicuna_deepseek,,55,0.0,-1.0,0,0,3,0,1,majority_loss
PRISM_MePO_vs_MePO_vicuna_vicuna_deepseek,,56,0.0,-1.0,0,0,3,0,1,majority_loss
PRISM_MePO_vs_MePO_vicuna_vicuna_deepseek,,58,0.0,-1.0,0,0,3,0,1,majority_loss
PRISM_MePO_vs_MePO_vicuna_vicuna_deepseek,,59,0.0,-1.0,0,0,3,0,1,majority_loss
PRISM_MePO_vs_MePO_vicuna_vicuna_deepseek,,6,0.6666666666666666,0.3333333333333333,1,2,0,1,0,judge_instability
PRISM_MePO_vs_MePO_vicuna_vicuna_deepseek,,60,0.0,-1.0,0,0,3,0,1,majority_loss
PRISM_MePO_vs_MePO_vicuna_vicuna_deepseek,,65,0.0,-1.0,0,0,3,0,1,majority_loss
PRISM_MePO_vs_MePO_vicuna_vicuna_deepseek,,70,0.0,-1.0,0,0,3,0,1,majority_loss
PRISM_MePO_vs_MePO_vicuna_vicuna_deepseek,,71,0.16666666666666666,-0.6666666666666666,0,1,2,1,1,"majority_loss,judge_instability"
PRISM_MePO_vs_MePO_vicuna_vicuna_deepseek,,72,0.16666666666666666,-0.6666666666666666,0,1,2,1,1,"majority_loss,judge_instability"
PRISM_MePO_vs_MePO_vicuna_vicuna_deepseek,,73,0.0,-1.0,0,0,3,0,1,majority_loss
PRISM_MePO_vs_MePO_vicuna_vicuna_deepseek,,74,0.0,-1.0,0,0,3,0,1,majority_loss
PRISM_MePO_vs_MePO_vicuna_vicuna_deepseek,,76,0.0,-1.0,0,0,3,0,1,majority_loss
PRISM_MePO_vs_MePO_vicuna_vicuna_deepseek,,77,0.0,-1.0,0,0,3,0,1,majority_loss
PRISM_MePO_vs_MePO_vicuna_vicuna_deepseek,,79,0.0,-1.0,0,0,3,0,1,majority_loss
